customer_id,tenure_months,monthly_charges,contract,internet_service,payment_method,support_tickets,tech_support,senior_citizen,dependents,churn
CUST0001,7,67.75,One year,Fiber optic,Bank transfer,4,,Yes,Yes,Yes
CUST0002,56,96.14,One year,Fiber optic,Electronic check,3,Yes,Yes,No,Yes
CUST0003,48,110.33,Month-to-month,DSL,Electronic check,1,No,No,No,Yes
CUST0004,32,92.07,One year,Fiber optic,Credit card,1,Yes,Yes,No,Yes
CUST0005,32,116.32,One year,DSL,Credit card,3,No,No,Yes,Yes
CUST0006,62,98.2,One year,Fiber optic,Electronic check,0,No,Yes,No,Yes
CUST0007,7,106.68,Month-to-month,Fiber optic,Electronic check,2,No,No,No,Yes
CUST0008,51,31.41,Month-to-month,DSL,Bank transfer,3,Yes,No,No,Yes
CUST0009,15,93.24,Month-to-month,DSL,Electronic check,3,Yes,Yes,No,Yes
CUST0010,7,64.01,Month-to-month,Fiber optic,Bank transfer,6,No,Yes,Yes,Yes
CUST0011,38,75.31,Month-to-month,DSL,Credit card,7,Yes,No,Yes,Yes
CUST0012,71,85.41,Month-to-month,No,,5,No,No,No,Yes
CUST0013,53,116.98,One year,Fiber optic,Electronic check,0,No,No,No,No
CUST0014,55,118.46,Month-to-month,Fiber optic,Electronic check,3,Yes,Yes,Yes,Yes
CUST0015,52,48.82,Two year,DSL,Bank transfer,5,No,No,No,Yes
CUST0016,57,93.38,Month-to-month,Fiber optic,Electronic check,4,No,Yes,No,Yes
CUST0017,37,95.0,One year,No,Bank transfer,3,Yes,No,No,Yes
CUST0018,10,54.65,Month-to-month,DSL,Mailed check,3,No,No,No,Yes
CUST0019,61,32.39,Month-to-month,DSL,Bank transfer,3,Yes,No,No,No
CUST0020,33,24.09,One year,DSL,Electronic check,4,No,No,No,No
CUST0021,37,97.73,Two year,Fiber optic,Credit card,1,No,No,No,Yes
CUST0022,27,68.97,Month-to-month,Fiber optic,Bank transfer,4,No,No,No,No
CUST0023,14,118.55,Month-to-month,Fiber optic,Electronic check,1,No,Yes,No,Yes
CUST0024,67,66.5,One year,Fiber optic,Mailed check,5,Yes,No,Yes,No
CUST0025,57,117.79,One year,DSL,Electronic check,6,No,Yes,No,Yes
CUST0026,47,61.16,Month-to-month,DSL,Mailed check,4,No,No,Yes,Yes
CUST0027,29,99.37,Month-to-month,DSL,Mailed check,3,No,No,No,Yes
CUST0028,60,28.48,Month-to-month,No,Electronic check,7,No,No,Yes,No
CUST0029,40,75.55,Two year,Fiber optic,Bank transfer,5,No,No,No,Yes
CUST0030,32,100.21,Month-to-month,Fiber optic,Bank transfer,3,No,No,Yes,Yes
CUST0031,33,112.47,Month-to-month,Fiber optic,Electronic check,0,No,No,No,Yes
CUST0032,17,102.26,Two year,DSL,Electronic check,0,No,Yes,No,Yes
CUST0033,7,23.7,Month-to-month,DSL,Electronic check,1,No,No,Yes,Yes
CUST0034,40,57.27,Month-to-month,DSL,Bank transfer,1,No,No,No,No
CUST0035,64,24.87,Month-to-month,No,Mailed check,5,No,No,No,Yes
CUST0036,5,30.93,Month-to-month,Fiber optic,Electronic check,4,Yes,No,No,Yes
CUST0037,62,87.53,Month-to-month,Fiber optic,Electronic check,7,No,Yes,Yes,Yes
CUST0038,60,91.33,Month-to-month,DSL,Credit card,4,Yes,No,No,Yes
CUST0039,20,97.37,One year,DSL,Mailed check,7,No,No,No,Yes
CUST0040,46,106.55,One year,Fiber optic,Bank transfer,4,Yes,No,No,Yes
CUST0041,12,93.94,Month-to-month,Fiber optic,Mailed check,2,Yes,Yes,No,Yes
CUST0042,55,100.09,One year,No,Electronic check,5,No,No,Yes,Yes
CUST0043,51,24.9,Month-to-month,Fiber optic,Mailed check,3,No,No,Yes,Yes
CUST0044,26,43.45,Two year,Fiber optic,Electronic check,2,No,No,No,Yes
CUST0045,5,82.19,Month-to-month,Fiber optic,Bank transfer,3,No,No,Yes,Yes
CUST0046,70,105.81,One year,No,Mailed check,5,,Yes,Yes,Yes
CUST0047,33,20.45,Month-to-month,Fiber optic,Mailed check,3,No,Yes,No,Yes
CUST0048,65,71.46,One year,Fiber optic,Electronic check,5,No,Yes,Yes,Yes
CUST0049,49,87.73,Month-to-month,No,Credit card,7,No,No,Yes,No
CUST0050,57,22.96,One year,DSL,Electronic check,3,No,No,No,No
CUST0051,55,60.14,Month-to-month,No,Bank transfer,2,Yes,No,No,Yes
CUST0052,15,109.56,Two year,DSL,Credit card,3,No,No,No,Yes
CUST0053,27,87.16,Month-to-month,Fiber optic,Bank transfer,6,No,No,No,Yes
CUST0054,34,43.77,One year,Fiber optic,Bank transfer,1,Yes,No,No,No
CUST0055,36,105.28,Two year,Fiber optic,Credit card,7,No,No,Yes,Yes
CUST0056,4,54.8,Two year,Fiber optic,Electronic check,3,No,No,No,Yes
CUST0057,40,105.33,Month-to-month,Fiber optic,Credit card,6,Yes,No,Yes,Yes
CUST0058,12,49.89,Month-to-month,DSL,Bank transfer,6,No,No,Yes,No
CUST0059,54,79.03,Month-to-month,DSL,Mailed check,6,Yes,No,No,Yes
CUST0060,50,59.69,Month-to-month,DSL,Mailed check,7,Yes,No,No,No
CUST0061,67,47.48,One year,Fiber optic,Bank transfer,1,No,No,No,Yes
CUST0062,54,108.66,Two year,Fiber optic,Credit card,4,Yes,No,Yes,No
CUST0063,27,38.76,Two year,DSL,Bank transfer,0,Yes,Yes,Yes,No
CUST0064,70,28.48,Month-to-month,No,Electronic check,2,No,No,No,No
CUST0065,30,54.19,One year,Fiber optic,Mailed check,0,Yes,No,No,Yes
CUST0066,24,91.76,Two year,Fiber optic,Bank transfer,5,No,No,No,Yes
CUST0067,66,100.74,Two year,Fiber optic,Mailed check,4,No,No,Yes,No
CUST0068,27,119.87,Month-to-month,DSL,,5,Yes,No,Yes,Yes
CUST0069,6,49.64,Month-to-month,Fiber optic,Bank transfer,1,No,No,No,Yes
CUST0070,34,60.79,Two year,Fiber optic,Electronic check,2,Yes,No,No,Yes
CUST0071,58,33.68,Month-to-month,DSL,Bank transfer,5,No,No,Yes,Yes
CUST0072,14,77.49,Month-to-month,No,Electronic check,6,,No,Yes,Yes
CUST0073,34,119.76,Two year,Fiber optic,Mailed check,7,No,No,Yes,Yes
CUST0074,10,90.09,Two year,Fiber optic,Mailed check,0,Yes,No,Yes,Yes
CUST0075,50,79.52,Two year,No,Credit card,3,No,No,No,No
CUST0076,35,59.24,One year,No,Credit card,0,Yes,Yes,Yes,Yes
CUST0077,24,111.53,Month-to-month,DSL,Mailed check,6,Yes,No,No,Yes
CUST0078,17,69.69,Month-to-month,Fiber optic,Bank transfer,0,No,No,No,Yes
CUST0079,41,33.44,Month-to-month,Fiber optic,Bank transfer,6,No,Yes,No,Yes
CUST0080,49,56.54,One year,DSL,Bank transfer,1,No,No,No,Yes
CUST0081,68,26.72,Month-to-month,DSL,Bank transfer,0,Yes,No,Yes,No
CUST0082,32,40.2,One year,DSL,Credit card,7,Yes,No,Yes,Yes
CUST0083,12,21.77,Month-to-month,Fiber optic,Credit card,3,No,No,No,Yes
CUST0084,60,65.33,One year,Fiber optic,Credit card,3,No,No,No,Yes
CUST0085,46,83.45,Month-to-month,Fiber optic,Electronic check,5,No,No,Yes,Yes
CUST0086,51,54.33,Month-to-month,DSL,Mailed check,2,No,No,No,Yes
CUST0087,8,62.04,Month-to-month,DSL,Mailed check,5,No,No,Yes,Yes
CUST0088,23,115.92,Month-to-month,Fiber optic,Bank transfer,3,Yes,No,Yes,Yes
CUST0089,56,95.2,Two year,Fiber optic,Bank transfer,2,No,No,No,Yes
CUST0090,60,74.09,Month-to-month,No,Bank transfer,3,No,No,No,Yes
CUST0091,32,48.45,Month-to-month,No,Mailed check,0,No,No,No,Yes
CUST0092,58,109.7,One year,No,Mailed check,2,No,Yes,No,Yes
CUST0093,61,43.51,One year,No,Mailed check,4,Yes,No,Yes,No
CUST0094,28,52.53,Month-to-month,No,Credit card,1,No,No,Yes,Yes
CUST0095,65,110.91,Month-to-month,Fiber optic,Mailed check,0,No,No,No,Yes
CUST0096,21,72.95,Month-to-month,DSL,Electronic check,5,Yes,No,No,Yes
CUST0097,18,94.23,One year,DSL,Credit card,3,No,No,No,Yes
CUST0098,50,79.07,Month-to-month,Fiber optic,Electronic check,1,No,Yes,Yes,Yes
CUST0099,46,85.34,Month-to-month,DSL,Bank transfer,5,Yes,No,No,Yes
CUST0100,11,49.94,Month-to-month,DSL,Credit card,6,Yes,No,No,No
CUST0101,60,44.14,One year,No,Mailed check,0,Yes,No,No,No
CUST0102,15,52.25,Month-to-month,DSL,Mailed check,1,No,No,No,Yes
CUST0103,58,35.54,Two year,No,Mailed check,2,Yes,No,No,No
CUST0104,1,107.43,Month-to-month,Fiber optic,Electronic check,5,No,Yes,No,Yes
CUST0105,58,48.32,One year,Fiber optic,Electronic check,0,No,No,No,No
CUST0106,57,76.15,Month-to-month,Fiber optic,Electronic check,6,No,No,Yes,Yes
CUST0107,57,99.2,Month-to-month,DSL,Mailed check,2,Yes,No,No,Yes
CUST0108,48,98.38,Month-to-month,Fiber optic,Bank transfer,1,No,No,No,Yes
CUST0109,34,63.84,Two year,DSL,Electronic check,6,No,No,No,No
CUST0110,51,67.63,Two year,No,Credit card,0,No,Yes,No,No
CUST0111,20,119.47,Month-to-month,DSL,Bank transfer,1,Yes,Yes,No,No
CUST0112,57,87.46,Month-to-month,DSL,Electronic check,7,No,No,Yes,Yes
CUST0113,41,101.46,Two year,Fiber optic,Credit card,4,No,No,No,Yes
CUST0114,34,110.26,Month-to-month,Fiber optic,Electronic check,3,No,No,No,Yes
CUST0115,37,98.76,Month-to-month,Fiber optic,Bank transfer,5,Yes,No,No,Yes
CUST0116,41,38.52,Month-to-month,Fiber optic,Mailed check,5,No,No,No,Yes
CUST0117,3,76.22,One year,DSL,Bank transfer,4,Yes,No,No,Yes
CUST0118,11,30.19,One year,Fiber optic,Credit card,0,Yes,No,Yes,Yes
CUST0119,18,85.29,One year,DSL,Credit card,4,Yes,No,No,Yes
CUST0120,9,115.53,Two year,DSL,Mailed check,2,No,No,No,Yes
CUST0121,32,71.27,Month-to-month,DSL,Bank transfer,6,No,No,No,Yes
CUST0122,49,63.3,Month-to-month,DSL,Credit card,4,Yes,No,No,No
CUST0123,48,23.58,Month-to-month,DSL,Bank transfer,0,No,No,No,No
CUST0124,34,115.98,Month-to-month,Fiber optic,Credit card,7,No,Yes,No,Yes
CUST0125,62,30.3,Month-to-month,DSL,Mailed check,2,Yes,No,No,Yes
CUST0126,41,24.11,Month-to-month,DSL,Mailed check,2,No,No,Yes,No
CUST0127,6,44.61,Month-to-month,Fiber optic,Bank transfer,7,No,Yes,Yes,Yes
CUST0128,56,26.55,One year,DSL,Credit card,6,Yes,No,No,No
CUST0129,42,65.51,Month-to-month,Fiber optic,Credit card,6,No,No,Yes,Yes
CUST0130,46,71.61,Month-to-month,No,Bank transfer,5,No,No,No,Yes
CUST0131,41,51.26,One year,Fiber optic,Bank transfer,7,No,No,Yes,Yes
CUST0132,40,25.1,One year,No,Bank transfer,0,No,No,No,No
CUST0133,7,31.16,One year,DSL,Mailed check,4,No,No,Yes,Yes
CUST0134,41,58.45,Two year,DSL,Mailed check,2,No,No,Yes,Yes
CUST0135,58,26.05,One year,Fiber optic,Mailed check,3,No,Yes,No,Yes
CUST0136,22,89.82,Month-to-month,Fiber optic,Credit card,1,No,No,No,Yes
CUST0137,44,40.7,Month-to-month,Fiber optic,Bank transfer,1,Yes,Yes,Yes,Yes
CUST0138,3,50.21,One year,DSL,Credit card,3,No,No,Yes,Yes
CUST0139,26,59.41,Month-to-month,Fiber optic,Electronic check,7,No,No,Yes,Yes
CUST0140,32,61.66,Month-to-month,Fiber optic,Credit card,5,Yes,No,No,Yes
CUST0141,71,20.17,Month-to-month,DSL,Bank transfer,2,No,No,Yes,No
CUST0142,16,31.21,Month-to-month,DSL,Credit card,3,No,No,No,No
CUST0143,20,106.28,Month-to-month,No,Mailed check,4,No,Yes,No,Yes
CUST0144,30,20.12,Month-to-month,DSL,Mailed check,1,No,Yes,No,Yes
CUST0145,72,70.82,Two year,Fiber optic,Electronic check,4,No,Yes,No,Yes
CUST0146,62,68.95,Two year,Fiber optic,Credit card,5,Yes,Yes,Yes,Yes
CUST0147,3,53.31,Month-to-month,Fiber optic,Bank transfer,1,No,No,No,Yes
CUST0148,17,63.13,Two year,Fiber optic,Credit card,4,No,No,No,Yes
CUST0149,60,98.06,Month-to-month,No,Electronic check,5,No,No,Yes,Yes
CUST0150,5,104.12,Two year,DSL,Electronic check,4,No,No,No,Yes
CUST0151,62,46.03,Two year,DSL,Credit card,2,Yes,Yes,No,No
CUST0152,21,52.25,Month-to-month,Fiber optic,Electronic check,4,Yes,No,No,Yes
CUST0153,67,44.25,One year,Fiber optic,Bank transfer,6,No,No,No,No
CUST0154,22,67.99,Two year,DSL,Mailed check,1,Yes,No,Yes,No
CUST0155,32,88.33,Two year,DSL,Credit card,4,No,No,No,Yes
CUST0156,48,42.83,Two year,DSL,Credit card,5,No,Yes,No,No
CUST0157,10,53.07,One year,DSL,Credit card,2,No,No,No,Yes
CUST0158,41,113.04,Month-to-month,DSL,Mailed check,3,No,No,Yes,Yes
CUST0159,37,24.86,Two year,No,Bank transfer,7,No,No,Yes,No
CUST0160,57,66.08,One year,DSL,Bank transfer,2,Yes,No,No,No
CUST0161,72,91.16,One year,No,Credit card,4,No,Yes,Yes,Yes
CUST0162,48,35.05,Month-to-month,No,Electronic check,1,No,No,Yes,No
CUST0163,30,24.74,One year,DSL,Credit card,7,Yes,No,No,No
CUST0164,30,33.82,Month-to-month,Fiber optic,Mailed check,4,Yes,No,No,Yes
CUST0165,31,111.88,One year,Fiber optic,Electronic check,6,No,No,Yes,Yes
CUST0166,59,20.93,Month-to-month,Fiber optic,Bank transfer,4,Yes,No,No,Yes
CUST0167,24,38.83,One year,DSL,Credit card,2,No,No,No,Yes
CUST0168,13,23.13,Two year,DSL,Electronic check,2,Yes,No,No,Yes
CUST0169,25,31.06,Month-to-month,DSL,Electronic check,5,Yes,No,Yes,Yes
CUST0170,2,82.01,Month-to-month,Fiber optic,Credit card,6,No,No,Yes,Yes
CUST0171,8,44.16,Month-to-month,No,Credit card,1,Yes,No,No,Yes
CUST0172,7,76.92,Two year,Fiber optic,Electronic check,6,Yes,No,Yes,Yes
CUST0173,56,79.02,One year,Fiber optic,Credit card,6,No,No,No,Yes
CUST0174,53,104.94,Month-to-month,No,Credit card,0,No,No,Yes,Yes
CUST0175,51,20.47,Month-to-month,Fiber optic,Credit card,0,No,No,No,No
CUST0176,34,105.34,Month-to-month,DSL,Electronic check,5,Yes,No,No,No
CUST0177,52,81.91,Month-to-month,No,Bank transfer,6,No,No,No,Yes
CUST0178,12,36.27,Two year,Fiber optic,Credit card,3,No,No,No,Yes
CUST0179,65,97.29,One year,DSL,Credit card,5,No,No,No,No
CUST0180,37,105.55,Month-to-month,Fiber optic,Bank transfer,7,No,No,No,Yes
CUST0181,68,45.43,Two year,No,Electronic check,2,No,No,No,No
CUST0182,11,111.88,Month-to-month,DSL,Electronic check,1,No,No,No,Yes
CUST0183,36,65.45,Two year,Fiber optic,Mailed check,7,No,No,No,Yes
CUST0184,51,80.34,Month-to-month,DSL,Electronic check,2,No,Yes,No,No
CUST0185,36,118.46,One year,DSL,Electronic check,3,No,No,No,Yes
CUST0186,33,56.15,Two year,DSL,Electronic check,3,No,No,Yes,No
CUST0187,12,101.32,Month-to-month,Fiber optic,Credit card,4,No,No,No,Yes
CUST0188,28,51.84,One year,No,Bank transfer,2,Yes,No,No,Yes
CUST0189,18,99.92,Two year,DSL,Bank transfer,5,No,No,No,Yes
CUST0190,22,80.07,Month-to-month,DSL,Credit card,5,No,No,No,Yes
CUST0191,50,41.64,Month-to-month,DSL,Mailed check,1,No,No,No,Yes
CUST0192,46,61.4,One year,DSL,Mailed check,3,No,No,No,Yes
CUST0193,44,51.76,Month-to-month,Fiber optic,Electronic check,0,No,No,Yes,Yes
CUST0194,27,27.81,Month-to-month,Fiber optic,Mailed check,1,Yes,No,No,Yes
CUST0195,70,22.98,Month-to-month,Fiber optic,Electronic check,7,No,No,Yes,Yes
CUST0196,7,54.65,One year,Fiber optic,Bank transfer,4,No,No,No,Yes
CUST0197,25,21.9,Month-to-month,Fiber optic,Credit card,4,No,No,Yes,Yes
CUST0198,9,36.55,Month-to-month,DSL,Bank transfer,7,No,No,No,Yes
CUST0199,25,92.52,Two year,DSL,Mailed check,5,No,No,Yes,Yes
CUST0200,70,90.81,Month-to-month,No,Bank transfer,6,No,Yes,No,Yes
CUST0201,27,93.86,Two year,Fiber optic,Credit card,5,No,No,No,Yes
CUST0202,66,51.72,Month-to-month,No,Mailed check,3,Yes,No,No,No
CUST0203,36,109.0,Two year,No,Mailed check,5,No,No,Yes,Yes
CUST0204,51,79.38,One year,Fiber optic,Bank transfer,2,No,No,Yes,Yes
CUST0205,33,32.6,Month-to-month,No,Electronic check,7,No,No,No,Yes
CUST0206,20,34.37,Two year,Fiber optic,Credit card,1,No,No,No,No
CUST0207,56,89.31,Month-to-month,DSL,Mailed check,7,Yes,No,No,Yes
CUST0208,70,37.29,Month-to-month,DSL,Mailed check,7,No,No,No,Yes
CUST0209,19,70.73,Month-to-month,DSL,Bank transfer,1,No,No,No,Yes
CUST0210,57,119.18,One year,DSL,Electronic check,5,No,No,No,Yes
CUST0211,19,20.4,Month-to-month,Fiber optic,Electronic check,7,Yes,No,No,Yes
CUST0212,52,21.66,Month-to-month,Fiber optic,Electronic check,4,No,No,No,Yes
CUST0213,57,119.31,Month-to-month,Fiber optic,Mailed check,2,Yes,No,No,Yes
CUST0214,33,78.46,Month-to-month,Fiber optic,Bank transfer,7,No,Yes,No,Yes
CUST0215,54,32.69,Month-to-month,DSL,Electronic check,4,No,No,Yes,Yes
CUST0216,20,109.73,Month-to-month,Fiber optic,Mailed check,0,Yes,No,Yes,Yes
CUST0217,6,108.04,Month-to-month,Fiber optic,Credit card,1,No,No,No,No
CUST0218,7,73.62,Month-to-month,DSL,Credit card,5,No,No,No,No
CUST0219,33,82.18,One year,DSL,Electronic check,3,No,Yes,No,Yes
CUST0220,65,47.32,Month-to-month,DSL,Bank transfer,1,Yes,No,No,Yes
CUST0221,10,25.05,One year,DSL,Electronic check,6,No,No,Yes,No
CUST0222,33,79.46,Month-to-month,Fiber optic,Bank transfer,0,No,No,Yes,Yes
CUST0223,51,49.48,Month-to-month,Fiber optic,Credit card,1,No,No,No,Yes
CUST0224,15,86.36,Month-to-month,Fiber optic,Credit card,3,No,Yes,No,Yes
CUST0225,52,103.62,Month-to-month,DSL,Electronic check,0,Yes,No,Yes,Yes
CUST0226,23,21.82,Month-to-month,Fiber optic,Mailed check,3,No,No,No,Yes
CUST0227,59,79.57,Two year,Fiber optic,Credit card,7,No,Yes,No,No
CUST0228,42,43.13,Month-to-month,DSL,Credit card,7,No,No,No,Yes
CUST0229,40,107.39,Month-to-month,Fiber optic,Mailed check,6,Yes,No,No,Yes
CUST0230,13,45.37,One year,Fiber optic,Electronic check,2,No,No,No,Yes
CUST0231,34,81.08,Month-to-month,Fiber optic,Mailed check,0,No,No,No,Yes
CUST0232,62,75.35,Month-to-month,DSL,Bank transfer,6,Yes,No,No,No
CUST0233,2,59.62,Month-to-month,Fiber optic,Mailed check,2,No,No,No,Yes
CUST0234,55,87.76,Month-to-month,DSL,Credit card,5,Yes,No,No,No
CUST0235,36,92.58,Month-to-month,DSL,Credit card,0,Yes,No,Yes,Yes
CUST0236,52,76.69,One year,DSL,Credit card,5,No,No,No,Yes
CUST0237,48,95.84,Two year,No,Electronic check,4,Yes,Yes,No,Yes
CUST0238,32,118.34,Month-to-month,DSL,Credit card,7,No,No,No,Yes
CUST0239,23,61.93,One year,Fiber optic,Credit card,0,Yes,No,Yes,No
CUST0240,46,71.46,One year,DSL,Mailed check,3,No,No,No,No
CUST0241,11,21.25,Month-to-month,No,Bank transfer,7,No,No,Yes,Yes
CUST0242,43,99.6,One year,Fiber optic,Credit card,3,No,No,No,Yes
CUST0243,7,72.02,One year,No,Credit card,5,No,No,No,Yes
CUST0244,47,60.8,Two year,DSL,Bank transfer,1,No,No,No,No
CUST0245,46,29.41,Two year,DSL,Electronic check,5,No,No,No,Yes
CUST0246,7,108.97,Month-to-month,Fiber optic,,2,Yes,Yes,Yes,Yes
CUST0247,55,59.5,Month-to-month,DSL,Bank transfer,4,No,No,No,Yes
CUST0248,30,88.26,Month-to-month,Fiber optic,Electronic check,7,Yes,No,No,Yes
CUST0249,57,34.94,Month-to-month,No,Credit card,5,No,No,No,Yes
CUST0250,3,116.15,Month-to-month,Fiber optic,Electronic check,3,Yes,No,No,Yes
CUST0251,13,37.84,Two year,No,Credit card,1,No,No,No,Yes
CUST0252,36,39.95,Month-to-month,Fiber optic,Bank transfer,2,No,No,No,Yes
CUST0253,14,105.9,Month-to-month,DSL,Mailed check,6,No,No,No,Yes
CUST0254,24,111.26,Two year,Fiber optic,Electronic check,1,No,No,No,Yes
CUST0255,48,41.21,Month-to-month,DSL,Electronic check,5,Yes,Yes,No,Yes
CUST0256,11,66.98,Month-to-month,Fiber optic,Bank transfer,3,Yes,No,No,Yes
CUST0257,49,93.35,Two year,DSL,Mailed check,2,No,No,No,Yes
CUST0258,8,107.84,Month-to-month,DSL,Credit card,5,No,No,No,Yes
CUST0259,13,57.91,Month-to-month,Fiber optic,Electronic check,2,Yes,No,No,Yes
CUST0260,43,71.7,Month-to-month,DSL,Credit card,2,No,Yes,No,Yes
CUST0261,58,94.17,Two year,DSL,Credit card,4,No,No,No,No
CUST0262,13,93.11,Month-to-month,Fiber optic,Electronic check,6,Yes,No,Yes,Yes
CUST0263,22,98.3,Month-to-month,DSL,Bank transfer,6,No,Yes,No,Yes
CUST0264,67,76.99,Month-to-month,Fiber optic,Credit card,5,Yes,No,No,No
CUST0265,72,30.46,Month-to-month,DSL,Mailed check,5,Yes,No,No,No
CUST0266,42,110.4,Two year,DSL,Electronic check,6,No,No,Yes,Yes
CUST0267,33,106.56,Month-to-month,DSL,Credit card,2,Yes,No,Yes,Yes
CUST0268,25,99.81,Two year,Fiber optic,Mailed check,2,No,Yes,No,Yes
CUST0269,45,29.99,Month-to-month,No,Electronic check,3,No,No,Yes,No
CUST0270,43,40.44,Month-to-month,DSL,Credit card,5,No,No,No,No
CUST0271,22,94.36,Two year,No,Bank transfer,5,No,No,No,Yes
CUST0272,2,22.31,Month-to-month,Fiber optic,Electronic check,1,No,No,No,Yes
CUST0273,11,117.92,Month-to-month,Fiber optic,Mailed check,6,No,No,Yes,Yes
CUST0274,70,57.71,Two year,Fiber optic,Electronic check,2,No,No,No,Yes
CUST0275,31,91.93,Month-to-month,Fiber optic,Credit card,7,No,No,No,Yes
CUST0276,35,108.76,Month-to-month,Fiber optic,Electronic check,5,No,No,No,Yes
CUST0277,34,59.46,Two year,Fiber optic,Credit card,7,Yes,Yes,Yes,No
CUST0278,57,,Month-to-month,Fiber optic,Bank transfer,5,No,No,Yes,Yes
CUST0279,5,80.87,Month-to-month,DSL,Bank transfer,4,No,No,No,Yes
CUST0280,6,78.1,Month-to-month,DSL,Credit card,1,No,Yes,No,Yes
CUST0281,20,60.91,Month-to-month,Fiber optic,Credit card,3,No,Yes,Yes,Yes
CUST0282,36,80.18,Month-to-month,DSL,Electronic check,6,No,No,No,No
CUST0283,49,113.54,One year,DSL,Electronic check,3,Yes,No,Yes,Yes
CUST0284,36,66.76,Month-to-month,DSL,Electronic check,0,No,No,No,Yes
CUST0285,32,39.67,One year,DSL,Bank transfer,1,No,No,Yes,Yes
CUST0286,68,57.72,Month-to-month,Fiber optic,Bank transfer,4,Yes,No,No,Yes
CUST0287,12,59.41,Month-to-month,Fiber optic,Electronic check,5,Yes,No,No,Yes
CUST0288,42,33.11,Month-to-month,Fiber optic,Electronic check,7,Yes,No,Yes,Yes
CUST0289,40,36.29,One year,DSL,Bank transfer,7,No,No,No,Yes
CUST0290,35,88.46,Month-to-month,Fiber optic,Bank transfer,4,No,No,Yes,Yes
CUST0291,59,53.95,Month-to-month,Fiber optic,Mailed check,4,No,No,No,Yes
CUST0292,20,115.49,Two year,Fiber optic,Credit card,6,Yes,No,Yes,Yes
CUST0293,69,44.36,One year,Fiber optic,Credit card,0,No,Yes,Yes,Yes
CUST0294,24,29.89,Month-to-month,Fiber optic,Credit card,4,No,No,No,Yes
CUST0295,40,95.35,Two year,Fiber optic,Mailed check,3,No,Yes,Yes,Yes
CUST0296,38,108.1,Month-to-month,No,Credit card,6,Yes,Yes,No,Yes
CUST0297,62,47.81,Month-to-month,Fiber optic,Bank transfer,6,Yes,No,Yes,Yes
CUST0298,32,40.21,Month-to-month,Fiber optic,Bank transfer,5,No,Yes,No,Yes
CUST0299,21,38.58,Month-to-month,Fiber optic,Mailed check,5,No,No,No,Yes
CUST0300,2,72.2,Month-to-month,DSL,Credit card,5,Yes,No,No,Yes
CUST0301,27,66.84,One year,No,Bank transfer,4,No,No,Yes,No
CUST0302,60,45.94,Month-to-month,DSL,Electronic check,1,Yes,No,Yes,Yes
CUST0303,1,24.52,Two year,DSL,Credit card,2,Yes,No,No,Yes
CUST0304,65,68.15,Two year,No,Electronic check,5,No,No,No,Yes
CUST0305,40,115.93,One year,Fiber optic,Bank transfer,4,No,No,No,Yes
CUST0306,11,85.25,One year,DSL,Bank transfer,1,No,No,Yes,Yes
CUST0307,22,69.55,One year,DSL,Bank transfer,7,No,No,Yes,Yes
CUST0308,40,31.07,Two year,DSL,Electronic check,7,No,No,No,No
CUST0309,23,45.24,Month-to-month,Fiber optic,,5,Yes,No,No,Yes
CUST0310,8,49.48,Month-to-month,DSL,Credit card,1,No,No,No,Yes
CUST0311,48,96.48,Month-to-month,No,Electronic check,7,No,No,Yes,Yes
CUST0312,49,107.67,Month-to-month,No,Bank transfer,1,No,No,Yes,Yes
CUST0313,9,110.16,Month-to-month,Fiber optic,Credit card,3,No,No,No,Yes
CUST0314,21,118.46,One year,Fiber optic,Credit card,6,No,No,No,Yes
CUST0315,18,118.24,Month-to-month,DSL,Bank transfer,4,Yes,No,Yes,Yes
CUST0316,48,115.3,Two year,DSL,Mailed check,1,Yes,No,No,No
CUST0317,53,27.18,Month-to-month,Fiber optic,Bank transfer,0,No,No,No,No
CUST0318,53,33.78,Month-to-month,DSL,Mailed check,2,No,No,No,Yes
CUST0319,68,50.45,Month-to-month,DSL,Bank transfer,5,,No,No,No
CUST0320,56,75.29,Month-to-month,DSL,Bank transfer,5,Yes,No,No,Yes
CUST0321,24,29.7,Month-to-month,DSL,Bank transfer,1,No,No,No,Yes
CUST0322,8,104.58,Month-to-month,Fiber optic,Electronic check,1,Yes,No,No,Yes
CUST0323,45,81.68,Month-to-month,Fiber optic,Credit card,5,Yes,No,No,Yes
CUST0324,66,74.24,Month-to-month,Fiber optic,Bank transfer,1,No,No,Yes,Yes
CUST0325,71,36.53,Month-to-month,Fiber optic,Credit card,0,No,No,No,Yes
CUST0326,17,45.33,Month-to-month,Fiber optic,Bank transfer,3,No,No,No,Yes
CUST0327,18,36.03,Month-to-month,Fiber optic,Credit card,4,No,No,No,Yes
CUST0328,3,105.19,Month-to-month,Fiber optic,Credit card,1,No,No,No,Yes
CUST0329,11,78.42,Month-to-month,Fiber optic,Credit card,1,No,No,No,Yes
CUST0330,40,93.51,Month-to-month,DSL,Bank transfer,1,Yes,No,No,Yes
CUST0331,40,49.6,Month-to-month,No,Bank transfer,2,Yes,No,No,Yes
CUST0332,27,57.13,One year,DSL,Electronic check,0,,No,No,Yes
CUST0333,23,60.49,Two year,DSL,Mailed check,0,No,No,No,Yes
CUST0334,60,96.0,Two year,DSL,Mailed check,2,No,No,No,Yes
CUST0335,34,97.24,Month-to-month,Fiber optic,Credit card,0,Yes,No,Yes,Yes
CUST0336,59,40.68,Month-to-month,Fiber optic,Bank transfer,2,No,No,No,No
CUST0337,70,114.15,Month-to-month,Fiber optic,Mailed check,4,No,No,No,Yes
CUST0338,23,32.07,One year,No,Electronic check,0,No,No,Yes,Yes
CUST0339,15,109.61,One year,DSL,Bank transfer,4,No,Yes,No,Yes
CUST0340,69,30.04,Two year,Fiber optic,Mailed check,4,No,No,No,No
CUST0341,46,46.45,Two year,DSL,Electronic check,4,No,No,Yes,No
CUST0342,21,104.65,Month-to-month,Fiber optic,Mailed check,5,No,No,Yes,Yes
CUST0343,45,37.95,One year,DSL,Credit card,6,No,No,Yes,No
CUST0344,38,61.36,Two year,DSL,Electronic check,0,No,No,No,Yes
CUST0345,66,64.99,Month-to-month,Fiber optic,Mailed check,1,No,No,No,Yes
CUST0346,19,44.53,Two year,Fiber optic,Bank transfer,2,Yes,No,No,Yes
CUST0347,72,91.02,Month-to-month,Fiber optic,Electronic check,5,Yes,No,Yes,Yes
CUST0348,68,105.13,Two year,Fiber optic,Electronic check,6,No,No,Yes,No
CUST0349,14,107.46,One year,Fiber optic,Credit card,7,No,No,No,Yes
CUST0350,12,53.93,Month-to-month,Fiber optic,Bank transfer,4,No,No,Yes,Yes
CUST0351,39,73.09,One year,DSL,Electronic check,3,Yes,No,No,Yes
CUST0352,4,44.84,Month-to-month,DSL,Electronic check,3,No,No,No,Yes
CUST0353,22,44.48,One year,DSL,Mailed check,0,No,Yes,No,Yes
CUST0354,32,36.13,One year,DSL,Bank transfer,3,No,No,No,No
CUST0355,70,114.0,One year,Fiber optic,Bank transfer,4,Yes,No,No,No
CUST0356,72,108.8,Two year,Fiber optic,Electronic check,1,No,No,No,Yes
CUST0357,11,97.74,Month-to-month,Fiber optic,Bank transfer,6,Yes,No,No,No
CUST0358,65,71.77,Month-to-month,Fiber optic,Credit card,6,No,No,Yes,Yes
CUST0359,7,69.06,Month-to-month,Fiber optic,Electronic check,2,Yes,No,Yes,Yes
CUST0360,54,72.97,Month-to-month,Fiber optic,Electronic check,7,Yes,No,No,Yes
CUST0361,61,73.66,Month-to-month,DSL,Credit card,0,Yes,No,No,Yes
CUST0362,65,63.46,Month-to-month,DSL,Bank transfer,7,No,No,No,Yes
CUST0363,17,33.18,Month-to-month,Fiber optic,Credit card,6,No,No,Yes,Yes
CUST0364,65,32.57,Month-to-month,Fiber optic,Mailed check,1,No,No,Yes,Yes
CUST0365,9,115.22,Two year,DSL,Mailed check,5,No,Yes,No,Yes
CUST0366,38,68.2,Month-to-month,DSL,Electronic check,2,No,No,No,Yes
CUST0367,34,115.32,Two year,Fiber optic,Electronic check,6,No,No,No,Yes
CUST0368,23,36.36,Month-to-month,Fiber optic,Mailed check,1,No,No,No,Yes
CUST0369,2,75.44,Month-to-month,DSL,Electronic check,1,No,No,Yes,Yes
CUST0370,56,40.77,Month-to-month,Fiber optic,Credit card,2,No,No,No,No
CUST0371,25,45.32,Month-to-month,No,Bank transfer,1,No,No,No,Yes
CUST0372,48,23.01,Month-to-month,DSL,Credit card,2,No,No,No,Yes
CUST0373,30,31.9,Month-to-month,No,Bank transfer,4,Yes,No,No,Yes
CUST0374,27,111.68,Month-to-month,DSL,Mailed check,5,No,No,No,Yes
CUST0375,64,52.15,Month-to-month,Fiber optic,Bank transfer,4,Yes,No,Yes,Yes
CUST0376,7,80.81,One year,Fiber optic,Electronic check,1,Yes,Yes,No,Yes
CUST0377,54,66.5,Month-to-month,DSL,Credit card,1,No,No,No,No
CUST0378,54,60.05,Two year,No,Bank transfer,7,No,No,No,No
CUST0379,28,73.19,Month-to-month,Fiber optic,Electronic check,2,No,No,No,Yes
CUST0380,19,38.72,Two year,No,Bank transfer,0,Yes,No,No,Yes
CUST0381,1,118.86,One year,DSL,Bank transfer,3,No,No,Yes,Yes
CUST0382,68,101.83,Two year,No,Electronic check,0,No,No,No,No
CUST0383,69,94.16,Two year,No,Electronic check,2,No,No,No,No
CUST0384,18,66.88,Month-to-month,Fiber optic,Credit card,6,No,No,Yes,Yes
CUST0385,3,35.29,Month-to-month,DSL,Mailed check,2,Yes,No,No,Yes
CUST0386,9,112.07,Month-to-month,Fiber optic,Bank transfer,5,No,No,No,Yes
CUST0387,5,54.14,Two year,Fiber optic,Electronic check,3,No,No,No,Yes
CUST0388,60,25.01,One year,No,Bank transfer,2,No,Yes,No,Yes
CUST0389,65,54.24,Month-to-month,Fiber optic,Electronic check,5,No,Yes,No,Yes
CUST0390,12,99.45,Two year,DSL,Mailed check,4,No,Yes,No,Yes
CUST0391,54,82.27,Month-to-month,DSL,Bank transfer,2,No,Yes,No,Yes
CUST0392,13,95.08,One year,Fiber optic,Mailed check,1,No,No,No,Yes
CUST0393,27,99.36,One year,No,Bank transfer,7,Yes,No,Yes,Yes
CUST0394,44,41.2,Month-to-month,DSL,Electronic check,1,Yes,No,No,Yes
CUST0395,52,112.38,One year,Fiber optic,Mailed check,7,No,No,No,Yes
CUST0396,63,63.8,Two year,No,Credit card,3,No,No,No,No
CUST0397,4,83.9,Month-to-month,DSL,Mailed check,7,No,No,No,Yes
CUST0398,15,20.23,Month-to-month,DSL,Electronic check,2,No,No,Yes,Yes
CUST0399,21,119.34,Month-to-month,Fiber optic,Credit card,4,No,No,No,Yes
CUST0400,23,48.09,One year,Fiber optic,Credit card,4,No,No,Yes,Yes
CUST0401,72,26.21,Month-to-month,DSL,Bank transfer,2,No,No,Yes,Yes
CUST0402,56,65.83,Two year,Fiber optic,Credit card,1,No,No,No,Yes
CUST0403,24,32.9,Two year,Fiber optic,Credit card,4,No,No,Yes,Yes
CUST0404,70,35.23,Month-to-month,No,Bank transfer,5,No,No,No,Yes
CUST0405,36,83.23,Month-to-month,No,Bank transfer,2,No,No,No,Yes
CUST0406,37,59.29,One year,Fiber optic,Electronic check,6,No,No,No,Yes
CUST0407,32,112.19,One year,Fiber optic,Bank transfer,5,No,No,No,Yes
CUST0408,11,51.92,Month-to-month,DSL,Mailed check,1,No,Yes,No,Yes
CUST0409,68,92.62,Month-to-month,Fiber optic,Credit card,7,Yes,Yes,No,Yes
CUST0410,2,66.11,Month-to-month,DSL,Mailed check,0,No,No,No,Yes
CUST0411,13,86.0,Two year,Fiber optic,Credit card,5,No,Yes,No,Yes
CUST0412,17,79.97,Month-to-month,DSL,Bank transfer,3,Yes,No,No,Yes
CUST0413,21,67.28,Two year,Fiber optic,Bank transfer,5,No,Yes,No,Yes
CUST0414,10,115.01,Month-to-month,DSL,Credit card,6,No,No,No,Yes
CUST0415,2,54.27,Two year,DSL,Mailed check,5,No,No,Yes,No
CUST0416,49,37.72,Month-to-month,DSL,Mailed check,5,No,No,Yes,Yes
CUST0417,70,87.81,Month-to-month,Fiber optic,Mailed check,6,No,No,No,Yes
CUST0418,9,104.6,Two year,Fiber optic,Credit card,5,Yes,Yes,No,Yes
CUST0419,22,24.03,Two year,DSL,Credit card,6,No,Yes,No,Yes
CUST0420,37,64.96,Month-to-month,No,Electronic check,3,No,No,No,No
CUST0421,67,109.25,Month-to-month,No,Mailed check,1,No,No,No,Yes
CUST0422,50,94.96,Month-to-month,DSL,Mailed check,1,No,No,No,Yes
CUST0423,56,119.18,Month-to-month,Fiber optic,Bank transfer,4,No,No,No,Yes
CUST0424,42,73.14,Month-to-month,Fiber optic,Electronic check,4,Yes,No,No,Yes
CUST0425,31,86.0,Two year,DSL,Bank transfer,0,No,Yes,Yes,Yes
CUST0426,15,50.25,Month-to-month,Fiber optic,Bank transfer,1,Yes,No,Yes,Yes
CUST0427,63,114.75,One year,DSL,Electronic check,7,No,No,No,Yes
CUST0428,58,56.63,Month-to-month,No,Electronic check,5,Yes,No,Yes,Yes
CUST0429,2,93.85,Month-to-month,No,Bank transfer,6,No,No,No,Yes
CUST0430,52,60.31,One year,Fiber optic,,1,No,No,No,No
CUST0431,7,76.18,Month-to-month,Fiber optic,Credit card,0,No,Yes,Yes,Yes
CUST0432,54,91.98,One year,Fiber optic,Credit card,2,Yes,No,Yes,Yes
CUST0433,60,70.89,Month-to-month,No,Credit card,6,No,No,No,Yes
CUST0434,10,110.71,Two year,DSL,Bank transfer,4,No,Yes,No,Yes
CUST0435,32,61.93,One year,DSL,Credit card,6,No,No,No,Yes
CUST0436,9,84.71,Two year,Fiber optic,Electronic check,3,Yes,No,Yes,Yes
CUST0437,41,54.24,Month-to-month,DSL,Mailed check,3,No,Yes,No,Yes
CUST0438,67,60.82,Month-to-month,DSL,Electronic check,4,No,No,No,Yes
CUST0439,6,64.01,Month-to-month,DSL,Bank transfer,7,No,No,No,Yes
CUST0440,29,32.58,Month-to-month,Fiber optic,Bank transfer,3,Yes,No,No,Yes
CUST0441,71,29.17,Month-to-month,DSL,Mailed check,4,No,No,Yes,No
CUST0442,22,86.75,Month-to-month,DSL,Mailed check,7,No,No,No,Yes
CUST0443,10,85.55,Month-to-month,DSL,Bank transfer,2,Yes,Yes,No,Yes
CUST0444,36,86.29,Month-to-month,Fiber optic,Electronic check,6,No,No,No,Yes
CUST0445,37,21.98,Month-to-month,No,Bank transfer,4,No,No,No,Yes
CUST0446,48,52.65,Month-to-month,DSL,Bank transfer,7,No,No,Yes,Yes
CUST0447,23,39.78,Month-to-month,Fiber optic,Electronic check,3,No,No,Yes,Yes
CUST0448,69,97.82,One year,Fiber optic,Electronic check,5,Yes,No,Yes,Yes
CUST0449,38,106.06,Month-to-month,DSL,Mailed check,2,Yes,No,No,Yes
CUST0450,21,44.67,Month-to-month,Fiber optic,Bank transfer,5,No,No,Yes,Yes
CUST0451,70,86.78,Month-to-month,Fiber optic,Mailed check,2,No,No,No,No
CUST0452,67,32.94,One year,Fiber optic,Mailed check,4,No,No,Yes,No
CUST0453,36,47.52,Month-to-month,DSL,Bank transfer,6,Yes,No,No,Yes
CUST0454,2,33.87,One year,DSL,Electronic check,3,Yes,No,No,Yes
CUST0455,43,48.35,Two year,No,Bank transfer,3,Yes,Yes,No,Yes
CUST0456,40,87.47,Month-to-month,Fiber optic,Electronic check,2,No,No,Yes,Yes
CUST0457,11,111.03,Two year,No,Electronic check,5,No,No,No,Yes
CUST0458,46,40.25,One year,No,Electronic check,4,No,Yes,Yes,Yes
CUST0459,61,74.21,Month-to-month,DSL,Mailed check,4,No,No,No,Yes
CUST0460,8,90.14,Month-to-month,Fiber optic,Electronic check,0,Yes,No,No,No
CUST0461,53,115.29,One year,Fiber optic,Credit card,0,No,No,No,No
CUST0462,11,81.01,Two year,Fiber optic,Mailed check,0,Yes,Yes,Yes,Yes
CUST0463,54,45.51,Month-to-month,DSL,Credit card,6,No,No,No,Yes
CUST0464,31,82.55,Month-to-month,DSL,Credit card,6,No,Yes,No,Yes
CUST0465,1,52.05,One year,Fiber optic,Credit card,0,No,No,No,No
CUST0466,70,117.61,Month-to-month,Fiber optic,Credit card,0,No,No,No,Yes
CUST0467,12,59.97,One year,Fiber optic,Electronic check,6,No,No,No,Yes
CUST0468,43,88.54,Month-to-month,DSL,Mailed check,4,No,No,Yes,Yes
CUST0469,14,22.32,One year,DSL,Bank transfer,2,Yes,No,No,Yes
CUST0470,68,60.01,Two year,No,Bank transfer,4,Yes,No,No,No
CUST0471,54,107.51,One year,Fiber optic,Electronic check,1,No,No,No,Yes
CUST0472,58,81.02,One year,Fiber optic,Bank transfer,1,Yes,No,Yes,Yes
CUST0473,32,64.39,One year,Fiber optic,Credit card,2,Yes,No,No,Yes
CUST0474,34,113.59,Two year,Fiber optic,Credit card,7,Yes,No,No,Yes
CUST0475,46,105.4,Two year,Fiber optic,Mailed check,6,Yes,No,Yes,Yes
CUST0476,57,52.22,Month-to-month,Fiber optic,Electronic check,1,No,No,No,No
CUST0477,61,74.45,One year,Fiber optic,Mailed check,4,No,No,No,Yes
CUST0478,2,68.98,Month-to-month,No,Mailed check,7,Yes,No,No,Yes
CUST0479,48,83.22,Two year,No,Mailed check,7,No,Yes,No,Yes
CUST0480,8,53.41,One year,Fiber optic,Mailed check,6,Yes,No,No,Yes
CUST0481,21,44.42,Month-to-month,Fiber optic,Mailed check,1,No,No,No,No
CUST0482,60,111.27,Month-to-month,Fiber optic,Electronic check,1,Yes,No,No,Yes
CUST0483,19,112.39,Month-to-month,Fiber optic,Mailed check,1,No,No,No,No
CUST0484,58,104.33,One year,Fiber optic,Mailed check,1,No,No,No,Yes
CUST0485,34,117.82,Month-to-month,Fiber optic,Electronic check,1,No,No,Yes,Yes
CUST0486,17,94.5,Month-to-month,Fiber optic,Credit card,2,Yes,No,Yes,Yes
CUST0487,25,96.47,Two year,Fiber optic,Bank transfer,4,Yes,No,No,Yes
CUST0488,39,96.26,One year,Fiber optic,Credit card,3,Yes,No,No,Yes
CUST0489,56,68.06,Month-to-month,DSL,Bank transfer,3,No,No,No,No
CUST0490,44,65.65,Month-to-month,Fiber optic,Electronic check,1,Yes,No,Yes,No
CUST0491,68,44.02,Two year,Fiber optic,Credit card,1,No,No,No,No
CUST0492,63,84.48,One year,DSL,Mailed check,7,No,No,No,No
CUST0493,55,48.93,One year,No,Bank transfer,4,No,No,No,No
CUST0494,44,45.78,Month-to-month,Fiber optic,Mailed check,1,No,No,Yes,Yes
CUST0495,21,78.6,Month-to-month,DSL,Mailed check,6,Yes,No,No,Yes
CUST0496,30,61.0,Month-to-month,Fiber optic,Mailed check,6,No,No,No,Yes
CUST0497,9,41.89,One year,Fiber optic,Mailed check,7,Yes,No,No,Yes
CUST0498,27,101.61,Month-to-month,Fiber optic,Bank transfer,1,No,No,Yes,Yes
CUST0499,67,106.06,Month-to-month,Fiber optic,Bank transfer,5,No,No,Yes,No
CUST0500,31,36.77,One year,No,Electronic check,7,Yes,Yes,No,Yes
CUST0501,9,20.75,Two year,Fiber optic,Electronic check,6,No,No,No,Yes
CUST0502,47,53.61,One year,Fiber optic,Credit card,1,Yes,No,No,No
CUST0503,70,99.75,Month-to-month,DSL,Bank transfer,7,Yes,No,Yes,Yes
CUST0504,63,103.92,Month-to-month,Fiber optic,Credit card,3,No,Yes,No,Yes
CUST0505,20,,Month-to-month,Fiber optic,Bank transfer,3,No,No,No,Yes
CUST0506,33,97.43,Month-to-month,Fiber optic,Bank transfer,4,No,Yes,Yes,Yes
CUST0507,39,31.57,Month-to-month,Fiber optic,Credit card,6,No,No,No,Yes
CUST0508,18,59.01,Month-to-month,Fiber optic,Bank transfer,0,No,No,No,Yes
CUST0509,20,119.86,One year,Fiber optic,Mailed check,4,Yes,No,No,Yes
CUST0510,18,39.26,Two year,DSL,Bank transfer,6,Yes,Yes,No,Yes
CUST0511,72,35.4,Two year,No,Electronic check,4,No,No,No,No
CUST0512,54,62.28,Month-to-month,Fiber optic,Mailed check,2,Yes,No,No,Yes
CUST0513,61,81.97,Month-to-month,No,Bank transfer,0,No,No,Yes,Yes
CUST0514,59,113.29,Month-to-month,No,Electronic check,4,Yes,No,No,Yes
CUST0515,70,118.08,Month-to-month,No,Bank transfer,5,Yes,No,Yes,Yes
CUST0516,8,26.96,Month-to-month,Fiber optic,Bank transfer,4,No,No,No,Yes
CUST0517,64,33.8,Month-to-month,Fiber optic,Mailed check,7,No,No,No,No
CUST0518,5,99.07,One year,DSL,Electronic check,4,No,No,No,Yes
CUST0519,35,47.06,Month-to-month,Fiber optic,Bank transfer,4,No,No,No,Yes
CUST0520,43,108.48,Two year,Fiber optic,Credit card,0,Yes,No,No,Yes
CUST0521,26,86.35,Month-to-month,Fiber optic,Bank transfer,4,No,No,Yes,Yes
CUST0522,11,31.18,Month-to-month,No,Mailed check,1,Yes,Yes,No,Yes
CUST0523,14,103.25,Month-to-month,DSL,Bank transfer,5,No,No,Yes,Yes
CUST0524,60,37.64,Month-to-month,Fiber optic,Mailed check,1,No,No,No,Yes
CUST0525,23,62.35,Month-to-month,Fiber optic,Mailed check,7,No,No,No,Yes
CUST0526,23,75.22,Two year,Fiber optic,Mailed check,2,Yes,No,Yes,Yes
CUST0527,67,70.08,Month-to-month,DSL,Electronic check,3,No,No,No,Yes
CUST0528,11,88.62,Month-to-month,DSL,Credit card,1,No,No,No,Yes
CUST0529,66,85.27,One year,Fiber optic,Bank transfer,1,No,No,No,No
CUST0530,67,119.2,Month-to-month,Fiber optic,Electronic check,7,Yes,No,No,Yes
CUST0531,44,119.94,One year,DSL,Credit card,2,No,No,Yes,Yes
CUST0532,12,71.65,Month-to-month,DSL,Electronic check,4,Yes,No,No,Yes
CUST0533,12,29.52,Two year,Fiber optic,Bank transfer,7,No,Yes,Yes,No
CUST0534,21,92.78,Month-to-month,DSL,Electronic check,4,Yes,No,No,Yes
CUST0535,42,117.67,Month-to-month,Fiber optic,Mailed check,0,Yes,No,Yes,No
CUST0536,12,51.83,One year,Fiber optic,Bank transfer,2,No,No,No,Yes
CUST0537,33,66.12,Two year,DSL,Credit card,3,Yes,Yes,No,No
CUST0538,9,62.48,Month-to-month,Fiber optic,Credit card,2,No,No,Yes,Yes
CUST0539,39,25.14,One year,DSL,Credit card,1,No,No,No,No
CUST0540,2,87.23,Month-to-month,DSL,Electronic check,4,No,Yes,No,Yes
CUST0541,52,55.33,Month-to-month,No,Electronic check,3,No,No,Yes,No
CUST0542,4,98.75,Month-to-month,Fiber optic,Credit card,2,No,No,No,Yes
CUST0543,15,103.21,One year,No,Credit card,3,Yes,No,No,Yes
CUST0544,13,102.12,Month-to-month,DSL,Mailed check,2,No,Yes,No,Yes
CUST0545,60,61.67,One year,DSL,Electronic check,1,Yes,No,No,Yes
CUST0546,4,52.15,Month-to-month,Fiber optic,Bank transfer,3,Yes,No,No,Yes
CUST0547,31,94.88,Two year,Fiber optic,Electronic check,7,Yes,No,No,Yes
CUST0548,43,100.14,Two year,No,Electronic check,4,No,No,Yes,Yes
CUST0549,38,69.13,Month-to-month,DSL,Credit card,4,No,No,Yes,Yes
CUST0550,50,109.3,Month-to-month,No,Mailed check,7,No,No,Yes,Yes
CUST0551,58,34.39,Month-to-month,No,Electronic check,4,No,No,No,No
CUST0552,29,107.91,Two year,Fiber optic,Bank transfer,1,No,No,No,Yes
CUST0553,60,29.61,Month-to-month,DSL,Mailed check,3,No,No,No,No
CUST0554,23,35.35,Month-to-month,Fiber optic,Bank transfer,3,Yes,No,Yes,Yes
CUST0555,71,73.38,Month-to-month,DSL,Credit card,3,No,No,No,Yes
CUST0556,37,26.75,One year,Fiber optic,Electronic check,1,No,No,No,Yes
CUST0557,53,25.28,Month-to-month,Fiber optic,Bank transfer,0,No,No,No,Yes
CUST0558,64,20.05,Month-to-month,No,Credit card,2,Yes,No,Yes,No
CUST0559,58,63.63,Two year,Fiber optic,Mailed check,7,No,No,No,Yes
CUST0560,62,97.46,Month-to-month,Fiber optic,Credit card,5,No,No,Yes,Yes
CUST0561,39,23.48,Two year,Fiber optic,Mailed check,6,Yes,No,Yes,Yes
CUST0562,4,85.23,Month-to-month,Fiber optic,Mailed check,1,Yes,No,No,Yes
CUST0563,36,102.31,Month-to-month,No,Credit card,3,No,No,No,Yes
CUST0564,14,36.8,Two year,DSL,Bank transfer,4,No,No,No,Yes
CUST0565,65,34.69,One year,No,Credit card,3,No,No,No,No
CUST0566,18,106.08,One year,Fiber optic,Credit card,3,Yes,No,No,Yes
CUST0567,17,102.31,Month-to-month,No,Bank transfer,2,No,No,Yes,Yes
CUST0568,18,73.89,Month-to-month,Fiber optic,Electronic check,0,Yes,No,No,Yes
CUST0569,47,101.92,Month-to-month,Fiber optic,Mailed check,6,No,No,No,Yes
CUST0570,42,29.28,Month-to-month,DSL,Credit card,7,No,Yes,Yes,Yes
CUST0571,69,59.45,Month-to-month,Fiber optic,Bank transfer,0,No,No,No,Yes
CUST0572,30,93.78,Month-to-month,DSL,Mailed check,3,Yes,No,No,Yes
CUST0573,21,45.75,Month-to-month,DSL,Mailed check,4,No,No,Yes,Yes
CUST0574,4,95.23,Month-to-month,Fiber optic,Credit card,6,No,No,No,Yes
CUST0575,1,70.42,Month-to-month,DSL,Electronic check,7,No,No,No,Yes
CUST0576,27,95.03,Month-to-month,Fiber optic,Electronic check,3,Yes,Yes,No,Yes
CUST0577,67,66.47,Two year,Fiber optic,Credit card,5,No,Yes,No,Yes
CUST0578,38,56.79,One year,DSL,Mailed check,7,No,No,No,Yes
CUST0579,65,41.92,Month-to-month,Fiber optic,Credit card,6,Yes,No,No,Yes
CUST0580,8,40.84,One year,DSL,Bank transfer,2,No,No,No,Yes
CUST0581,7,95.15,Two year,Fiber optic,Credit card,6,No,No,No,Yes
CUST0582,61,31.89,Month-to-month,Fiber optic,Bank transfer,3,No,No,No,Yes
CUST0583,8,28.6,Month-to-month,Fiber optic,Credit card,0,No,No,Yes,Yes
CUST0584,4,37.63,Month-to-month,Fiber optic,Credit card,6,No,No,No,Yes
CUST0585,30,37.53,Month-to-month,No,Electronic check,6,No,Yes,Yes,Yes
CUST0586,67,102.31,One year,Fiber optic,Credit card,2,No,No,No,No
CUST0587,50,,Two year,Fiber optic,Bank transfer,3,Yes,No,No,No
CUST0588,8,119.04,Month-to-month,Fiber optic,Electronic check,2,No,No,No,Yes
CUST0589,61,33.72,One year,Fiber optic,Electronic check,0,No,No,No,No
CUST0590,61,85.35,Month-to-month,DSL,Mailed check,7,No,No,No,Yes
CUST0591,58,64.87,One year,Fiber optic,Electronic check,0,Yes,No,No,No
CUST0592,65,59.29,One year,DSL,,4,No,No,No,No
CUST0593,18,107.51,Month-to-month,Fiber optic,Credit card,0,No,No,No,Yes
CUST0594,71,117.56,Month-to-month,DSL,Mailed check,5,No,No,No,Yes
CUST0595,24,107.29,One year,DSL,Electronic check,7,No,No,Yes,Yes
CUST0596,58,39.23,Two year,No,Mailed check,5,No,No,No,No
CUST0597,42,42.08,Month-to-month,No,Electronic check,4,No,Yes,No,Yes
CUST0598,57,85.61,Month-to-month,No,Credit card,6,No,No,No,Yes
CUST0599,46,48.91,Month-to-month,No,Electronic check,7,No,No,No,Yes
CUST0600,47,93.47,One year,Fiber optic,Credit card,6,No,No,No,Yes
CUST0601,45,76.64,One year,DSL,Mailed check,1,No,No,No,Yes
CUST0602,57,75.09,One year,DSL,Electronic check,4,Yes,No,Yes,Yes
CUST0603,54,102.85,One year,Fiber optic,Bank transfer,6,No,Yes,No,Yes
CUST0604,10,91.05,Two year,DSL,Mailed check,2,Yes,No,No,Yes
CUST0605,60,22.66,Two year,No,Credit card,5,Yes,No,No,No
CUST0606,39,24.95,Month-to-month,DSL,Bank transfer,0,No,No,No,No
CUST0607,24,80.16,One year,DSL,Credit card,7,No,No,Yes,Yes
CUST0608,38,68.62,Month-to-month,DSL,Mailed check,4,No,Yes,No,Yes
CUST0609,70,,Month-to-month,DSL,Electronic check,5,No,No,No,No
CUST0610,62,61.87,Two year,DSL,Electronic check,6,No,No,No,No
CUST0611,61,95.79,One year,Fiber optic,Mailed check,1,No,No,No,No
CUST0612,34,102.66,Two year,DSL,Mailed check,3,No,No,No,Yes
CUST0613,57,76.12,Month-to-month,Fiber optic,Credit card,6,Yes,No,No,Yes
CUST0614,28,58.54,Month-to-month,No,Mailed check,1,No,No,Yes,Yes
CUST0615,50,47.07,Month-to-month,Fiber optic,Credit card,6,Yes,No,Yes,Yes
CUST0616,47,72.19,Month-to-month,Fiber optic,Electronic check,2,Yes,Yes,No,Yes
CUST0617,18,51.47,Month-to-month,Fiber optic,Mailed check,4,Yes,No,No,Yes
CUST0618,20,76.41,Month-to-month,DSL,Credit card,4,No,No,No,Yes
CUST0619,5,87.67,Month-to-month,DSL,Electronic check,5,No,No,No,Yes
CUST0620,11,26.61,Two year,No,Mailed check,6,No,No,Yes,No
CUST0621,32,20.11,Month-to-month,Fiber optic,Credit card,2,,No,Yes,Yes
CUST0622,35,41.23,Month-to-month,DSL,Bank transfer,1,No,No,No,Yes
CUST0623,12,109.45,One year,Fiber optic,Credit card,3,Yes,No,No,Yes
CUST0624,31,84.63,Month-to-month,Fiber optic,Bank transfer,4,No,Yes,No,Yes
CUST0625,44,37.2,Two year,Fiber optic,Credit card,6,No,No,No,No
CUST0626,17,109.03,One year,Fiber optic,Credit card,6,No,Yes,No,Yes
CUST0627,25,67.0,Month-to-month,No,Credit card,2,Yes,Yes,No,Yes
CUST0628,27,67.61,One year,Fiber optic,Electronic check,7,Yes,No,Yes,Yes
CUST0629,37,113.55,One year,Fiber optic,Bank transfer,0,No,No,No,No
CUST0630,27,25.95,One year,DSL,Electronic check,0,Yes,No,No,Yes
CUST0631,54,41.52,Two year,DSL,Electronic check,0,No,No,Yes,Yes
CUST0632,24,78.58,One year,No,Mailed check,7,No,No,Yes,No
CUST0633,32,39.55,One year,Fiber optic,Bank transfer,1,Yes,No,No,Yes
CUST0634,28,87.95,Month-to-month,Fiber optic,Mailed check,4,Yes,No,No,Yes
CUST0635,14,41.41,One year,Fiber optic,Credit card,6,No,No,No,Yes
CUST0636,50,29.92,Two year,DSL,Mailed check,6,No,No,No,No
CUST0637,17,40.7,One year,Fiber optic,Bank transfer,7,No,No,No,Yes
CUST0638,22,62.27,One year,DSL,Credit card,0,Yes,No,No,No
CUST0639,58,37.61,Month-to-month,Fiber optic,Credit card,3,Yes,No,No,Yes
CUST0640,69,33.47,One year,Fiber optic,Electronic check,4,No,No,Yes,No
CUST0641,49,106.03,Two year,DSL,Bank transfer,5,No,No,No,No
CUST0642,66,52.04,Month-to-month,DSL,Electronic check,4,Yes,No,No,Yes
CUST0643,62,56.08,Month-to-month,Fiber optic,Bank transfer,4,No,No,No,No
CUST0644,35,25.53,Month-to-month,DSL,Mailed check,2,No,No,No,Yes
CUST0645,56,55.74,Month-to-month,DSL,Credit card,0,No,No,No,No
CUST0646,24,46.48,One year,Fiber optic,Credit card,3,No,No,Yes,Yes
CUST0647,34,81.05,Month-to-month,Fiber optic,Credit card,2,No,No,No,Yes
CUST0648,39,40.54,Month-to-month,Fiber optic,Credit card,4,Yes,No,No,Yes
CUST0649,70,108.84,One year,DSL,Mailed check,6,Yes,No,Yes,No
CUST0650,62,112.97,One year,No,Bank transfer,4,No,No,No,Yes
CUST0651,36,29.98,One year,DSL,Electronic check,4,No,No,No,No
CUST0652,47,30.74,One year,DSL,Bank transfer,0,No,No,Yes,Yes
CUST0653,15,31.53,One year,DSL,Electronic check,5,No,No,Yes,Yes
CUST0654,58,81.96,One year,DSL,Bank transfer,3,Yes,No,No,No
CUST0655,40,32.2,One year,DSL,Credit card,0,Yes,No,Yes,Yes
CUST0656,39,105.24,Month-to-month,DSL,Bank transfer,1,Yes,Yes,Yes,Yes
CUST0657,56,95.43,One year,DSL,Credit card,6,Yes,No,No,Yes
CUST0658,46,101.98,Month-to-month,Fiber optic,Electronic check,7,No,No,No,Yes
CUST0659,6,72.61,Month-to-month,No,Credit card,4,No,No,No,Yes
CUST0660,21,119.67,Month-to-month,DSL,Bank transfer,7,No,Yes,No,Yes
CUST0661,13,24.42,Two year,DSL,Bank transfer,1,No,No,No,Yes
CUST0662,53,60.13,One year,No,Credit card,2,No,No,No,No
CUST0663,3,52.39,Month-to-month,No,Bank transfer,7,Yes,No,No,Yes
CUST0664,15,114.86,One year,Fiber optic,Mailed check,1,No,Yes,No,Yes
CUST0665,44,77.69,Month-to-month,DSL,Bank transfer,5,No,No,No,Yes
CUST0666,51,100.62,One year,Fiber optic,Bank transfer,1,No,Yes,No,Yes
CUST0667,37,37.03,Two year,DSL,Credit card,2,No,No,No,Yes
CUST0668,62,117.86,One year,DSL,Mailed check,3,Yes,No,No,No
CUST0669,67,69.86,One year,Fiber optic,Bank transfer,2,Yes,No,No,Yes
CUST0670,10,69.37,Month-to-month,Fiber optic,Bank transfer,6,Yes,No,No,Yes
CUST0671,69,117.09,Month-to-month,Fiber optic,Electronic check,7,No,No,No,Yes
CUST0672,45,58.07,Two year,Fiber optic,Electronic check,4,,No,No,No
CUST0673,46,59.75,One year,DSL,Electronic check,4,Yes,Yes,No,No
CUST0674,7,78.48,Month-to-month,DSL,Bank transfer,0,Yes,No,Yes,Yes
CUST0675,45,32.81,Month-to-month,Fiber optic,Mailed check,1,No,No,Yes,Yes
CUST0676,53,52.11,Month-to-month,No,Credit card,0,No,No,Yes,Yes
CUST0677,42,39.32,Month-to-month,DSL,Bank transfer,6,No,No,No,Yes
CUST0678,7,30.33,Month-to-month,Fiber optic,Electronic check,1,No,No,No,Yes
CUST0679,38,106.61,Month-to-month,DSL,Electronic check,2,Yes,No,Yes,Yes
CUST0680,68,78.93,Two year,DSL,Mailed check,6,No,No,No,No
CUST0681,53,55.87,Month-to-month,Fiber optic,Credit card,5,Yes,No,Yes,Yes
CUST0682,10,60.87,Month-to-month,DSL,Electronic check,4,Yes,Yes,Yes,Yes
CUST0683,70,63.15,Month-to-month,Fiber optic,Electronic check,0,No,Yes,No,No
CUST0684,70,83.31,Month-to-month,Fiber optic,Electronic check,4,Yes,Yes,No,Yes
CUST0685,13,112.68,Two year,DSL,Mailed check,4,Yes,No,No,Yes
CUST0686,58,113.28,Month-to-month,DSL,Credit card,2,No,No,No,Yes
CUST0687,30,59.15,One year,DSL,Bank transfer,5,No,No,No,No
CUST0688,43,52.93,Two year,No,Mailed check,7,Yes,Yes,Yes,Yes
CUST0689,33,65.1,Month-to-month,Fiber optic,Electronic check,2,No,No,No,Yes
CUST0690,57,76.79,One year,Fiber optic,Mailed check,2,No,No,No,Yes
CUST0691,72,66.18,Two year,DSL,Bank transfer,2,Yes,No,Yes,No
CUST0692,58,85.88,Month-to-month,Fiber optic,Mailed check,6,Yes,No,No,Yes
CUST0693,68,75.44,Month-to-month,DSL,Bank transfer,0,No,No,No,No
CUST0694,69,52.07,Two year,Fiber optic,Credit card,7,No,Yes,No,No
CUST0695,7,54.57,Two year,Fiber optic,Electronic check,6,No,No,No,Yes
CUST0696,19,57.86,Month-to-month,Fiber optic,Mailed check,3,No,No,No,Yes
CUST0697,52,29.46,One year,DSL,Electronic check,4,Yes,No,Yes,No
CUST0698,43,36.61,Month-to-month,DSL,Bank transfer,7,No,Yes,No,Yes
CUST0699,4,92.31,Two year,DSL,Mailed check,6,No,No,No,Yes
CUST0700,7,58.91,Month-to-month,Fiber optic,Mailed check,2,Yes,No,Yes,Yes
CUST0701,38,41.45,Month-to-month,No,Electronic check,0,No,No,Yes,Yes
CUST0702,45,76.27,One year,DSL,Electronic check,5,Yes,No,No,Yes
CUST0703,13,95.55,Two year,Fiber optic,Mailed check,1,No,No,Yes,No
CUST0704,13,45.74,Two year,Fiber optic,Bank transfer,0,No,No,No,Yes
CUST0705,10,102.68,Month-to-month,DSL,Electronic check,7,No,No,No,Yes
CUST0706,41,112.75,Month-to-month,DSL,Electronic check,3,No,No,Yes,Yes
CUST0707,1,79.74,Two year,DSL,Mailed check,5,No,Yes,No,Yes
CUST0708,42,86.89,Two year,Fiber optic,Bank transfer,1,Yes,No,Yes,No
CUST0709,35,25.26,Month-to-month,Fiber optic,Mailed check,0,No,Yes,No,Yes
CUST0710,34,114.55,One year,Fiber optic,Mailed check,0,No,No,No,Yes
CUST0711,49,59.25,Month-to-month,No,Electronic check,2,Yes,No,Yes,No
CUST0712,38,112.39,Month-to-month,Fiber optic,Bank transfer,0,No,No,No,Yes
CUST0713,53,77.9,Month-to-month,No,Credit card,3,Yes,No,No,No
CUST0714,56,20.46,Month-to-month,Fiber optic,Credit card,2,No,No,No,No
CUST0715,67,23.85,Month-to-month,No,Bank transfer,4,No,No,No,Yes
CUST0716,58,88.04,Two year,Fiber optic,Bank transfer,4,No,No,No,Yes
CUST0717,38,76.27,Month-to-month,Fiber optic,Mailed check,2,No,No,No,Yes
CUST0718,36,22.65,Month-to-month,Fiber optic,Electronic check,3,Yes,No,Yes,Yes
CUST0719,17,94.35,Month-to-month,No,Mailed check,0,No,No,No,Yes
CUST0720,44,105.21,Month-to-month,Fiber optic,Bank transfer,2,Yes,No,Yes,Yes
CUST0721,11,69.64,Month-to-month,Fiber optic,Bank transfer,7,Yes,Yes,No,Yes
CUST0722,68,66.58,One year,Fiber optic,Credit card,7,No,Yes,No,No
CUST0723,61,20.55,Month-to-month,No,Credit card,3,No,No,No,Yes
CUST0724,9,98.66,One year,Fiber optic,Electronic check,7,No,No,No,Yes
CUST0725,57,53.07,Two year,Fiber optic,Electronic check,4,Yes,No,Yes,Yes
CUST0726,9,107.88,Month-to-month,Fiber optic,Mailed check,1,No,No,No,Yes
CUST0727,52,57.31,Two year,No,Credit card,6,Yes,No,No,No
CUST0728,7,76.51,Two year,DSL,Credit card,3,Yes,No,No,Yes
CUST0729,36,47.03,Two year,Fiber optic,Electronic check,4,No,No,No,Yes
CUST0730,48,36.06,One year,Fiber optic,Electronic check,5,Yes,No,Yes,No
CUST0731,53,97.49,One year,No,Bank transfer,2,Yes,No,No,Yes
CUST0732,31,69.66,One year,No,Bank transfer,5,No,No,Yes,Yes
CUST0733,67,73.65,One year,Fiber optic,Credit card,4,No,No,Yes,No
CUST0734,56,116.54,Month-to-month,Fiber optic,Credit card,2,Yes,No,No,Yes
CUST0735,15,116.36,Two year,DSL,Electronic check,2,No,No,No,Yes
CUST0736,49,105.56,One year,No,Electronic check,5,Yes,No,Yes,Yes
CUST0737,53,38.76,One year,DSL,Bank transfer,1,No,No,Yes,No
CUST0738,25,79.43,Month-to-month,Fiber optic,Bank transfer,0,Yes,No,No,Yes
CUST0739,54,107.81,Month-to-month,Fiber optic,Credit card,7,Yes,Yes,Yes,Yes
CUST0740,65,57.45,Month-to-month,Fiber optic,Bank transfer,2,No,No,Yes,Yes
CUST0741,59,30.11,Month-to-month,DSL,Bank transfer,5,Yes,No,Yes,No
CUST0742,55,101.1,Month-to-month,DSL,Mailed check,5,Yes,No,Yes,Yes
CUST0743,46,68.18,Month-to-month,No,Electronic check,6,Yes,No,No,Yes
CUST0744,20,76.44,Month-to-month,Fiber optic,Credit card,5,No,Yes,No,Yes
CUST0745,58,118.21,Month-to-month,DSL,Credit card,5,No,No,No,Yes
CUST0746,27,80.72,Month-to-month,Fiber optic,Electronic check,6,No,No,No,Yes
CUST0747,39,62.5,Two year,DSL,Bank transfer,7,No,No,No,No
CUST0748,23,57.0,Month-to-month,No,Mailed check,0,No,No,No,Yes
CUST0749,23,61.76,Month-to-month,DSL,Mailed check,5,No,No,No,Yes
CUST0750,12,31.84,Month-to-month,DSL,Credit card,1,No,Yes,No,Yes
CUST0751,70,99.48,Month-to-month,DSL,Credit card,7,No,Yes,No,No
CUST0752,11,103.77,Month-to-month,Fiber optic,Electronic check,0,No,Yes,No,Yes
CUST0753,7,48.44,One year,Fiber optic,Mailed check,1,No,No,No,Yes
CUST0754,68,50.38,Two year,Fiber optic,Credit card,1,Yes,No,No,No
CUST0755,40,107.43,Month-to-month,Fiber optic,Credit card,4,No,No,No,Yes
CUST0756,32,22.4,One year,DSL,Electronic check,0,Yes,No,Yes,Yes
CUST0757,54,72.05,Month-to-month,DSL,Credit card,0,No,No,No,Yes
CUST0758,28,66.37,Month-to-month,DSL,Mailed check,4,Yes,Yes,No,Yes
CUST0759,10,89.01,Month-to-month,No,Bank transfer,7,Yes,No,Yes,Yes
CUST0760,53,36.34,Month-to-month,DSL,Electronic check,4,No,No,No,Yes
CUST0761,13,86.83,One year,No,Bank transfer,3,No,No,No,Yes
CUST0762,40,57.67,One year,DSL,Bank transfer,5,No,No,Yes,Yes
CUST0763,69,81.87,One year,DSL,Bank transfer,4,No,No,No,No
CUST0764,68,24.01,Month-to-month,DSL,Credit card,3,No,No,Yes,No
CUST0765,26,66.17,One year,DSL,Credit card,4,No,No,No,Yes
CUST0766,57,72.23,Month-to-month,Fiber optic,Credit card,0,No,Yes,No,Yes
CUST0767,45,41.43,Month-to-month,Fiber optic,Bank transfer,1,No,No,No,Yes
CUST0768,35,33.96,Month-to-month,DSL,Credit card,5,No,No,No,Yes
CUST0769,11,38.85,One year,Fiber optic,Bank transfer,2,No,No,No,Yes
CUST0770,28,54.41,Two year,Fiber optic,Bank transfer,0,No,No,No,Yes
CUST0771,47,29.68,Month-to-month,No,Bank transfer,0,No,No,No,Yes
CUST0772,72,114.73,One year,No,Credit card,6,No,No,No,No
CUST0773,1,60.5,One year,Fiber optic,Electronic check,2,No,No,No,Yes
CUST0774,52,100.9,Two year,Fiber optic,Bank transfer,0,No,No,No,Yes
CUST0775,61,117.44,Month-to-month,Fiber optic,Mailed check,5,No,No,No,Yes
CUST0776,69,28.07,One year,Fiber optic,Credit card,4,No,Yes,No,No
CUST0777,31,85.17,One year,Fiber optic,Electronic check,3,No,Yes,Yes,Yes
CUST0778,9,,Two year,DSL,Bank transfer,7,No,No,Yes,Yes
CUST0779,20,83.42,Month-to-month,Fiber optic,Electronic check,2,No,No,No,Yes
CUST0780,62,62.9,Two year,No,Credit card,4,No,No,Yes,Yes
CUST0781,64,63.11,Month-to-month,DSL,Credit card,5,Yes,No,No,Yes
CUST0782,46,23.59,Two year,Fiber optic,Electronic check,4,No,No,No,Yes
CUST0783,9,73.46,Month-to-month,No,Credit card,1,No,No,No,Yes
CUST0784,9,119.35,Month-to-month,DSL,Mailed check,5,No,Yes,Yes,Yes
CUST0785,35,115.87,Month-to-month,Fiber optic,Credit card,5,Yes,Yes,No,Yes
CUST0786,43,24.04,Month-to-month,No,Bank transfer,0,No,No,No,Yes
CUST0787,3,90.58,Month-to-month,No,Electronic check,1,No,No,Yes,Yes
CUST0788,50,50.18,Month-to-month,DSL,Electronic check,5,Yes,Yes,No,Yes
CUST0789,40,110.3,Month-to-month,DSL,Mailed check,0,No,Yes,No,Yes
CUST0790,1,24.51,Month-to-month,Fiber optic,Electronic check,7,No,No,No,Yes
CUST0791,7,113.59,One year,DSL,Electronic check,0,No,No,No,Yes
CUST0792,33,103.75,Two year,DSL,Credit card,7,Yes,Yes,Yes,Yes
CUST0793,53,31.75,One year,DSL,Credit card,5,Yes,No,No,No
CUST0794,60,25.98,Month-to-month,DSL,Mailed check,3,No,No,No,Yes
CUST0795,32,103.47,Month-to-month,Fiber optic,Electronic check,2,Yes,No,Yes,Yes
CUST0796,22,35.58,Two year,Fiber optic,Electronic check,2,No,No,No,Yes
CUST0797,70,73.49,Month-to-month,Fiber optic,Credit card,5,No,No,No,Yes
CUST0798,34,111.57,Month-to-month,Fiber optic,Mailed check,6,Yes,No,No,Yes
CUST0799,23,76.74,Two year,Fiber optic,Electronic check,1,No,No,No,Yes
CUST0800,32,59.72,Two year,DSL,Mailed check,4,No,No,No,Yes
CUST0801,1,64.5,Month-to-month,DSL,Mailed check,7,No,No,No,Yes
CUST0802,22,26.31,One year,DSL,Bank transfer,2,No,No,Yes,Yes
CUST0803,38,116.88,Month-to-month,DSL,Mailed check,5,No,No,Yes,Yes
CUST0804,67,51.07,One year,DSL,Credit card,1,Yes,No,No,No
CUST0805,54,38.94,Month-to-month,DSL,Bank transfer,6,Yes,No,No,Yes
CUST0806,57,48.6,Month-to-month,DSL,Credit card,1,No,Yes,No,No
CUST0807,40,116.44,One year,Fiber optic,Mailed check,2,No,No,Yes,Yes
CUST0808,8,29.43,Month-to-month,Fiber optic,Bank transfer,3,Yes,No,No,Yes
CUST0809,29,106.73,One year,No,Mailed check,2,Yes,No,Yes,Yes
CUST0810,72,90.78,Month-to-month,Fiber optic,Bank transfer,1,No,No,Yes,No
CUST0811,4,103.0,Two year,Fiber optic,Bank transfer,5,Yes,No,Yes,Yes
CUST0812,64,117.59,Two year,DSL,Mailed check,0,No,No,No,No
CUST0813,50,104.22,Month-to-month,Fiber optic,Credit card,7,No,Yes,No,Yes
CUST0814,21,114.34,One year,DSL,Credit card,0,No,No,Yes,Yes
CUST0815,57,32.69,Month-to-month,Fiber optic,Credit card,2,Yes,No,Yes,No
CUST0816,61,99.58,Month-to-month,Fiber optic,Electronic check,7,Yes,No,No,Yes
CUST0817,4,74.57,Month-to-month,Fiber optic,Bank transfer,1,No,No,No,Yes
CUST0818,8,74.35,Two year,DSL,Electronic check,0,No,No,No,Yes
CUST0819,48,109.89,Two year,Fiber optic,Electronic check,5,Yes,No,Yes,Yes
CUST0820,72,117.18,Two year,Fiber optic,Credit card,0,No,Yes,No,No
CUST0821,2,90.48,Two year,Fiber optic,Electronic check,7,No,Yes,No,Yes
CUST0822,48,68.29,Two year,Fiber optic,Credit card,3,Yes,No,No,No
CUST0823,10,65.64,Month-to-month,Fiber optic,Mailed check,6,No,No,Yes,Yes
CUST0824,47,58.63,Two year,DSL,Mailed check,1,Yes,No,No,No
CUST0825,45,56.16,One year,Fiber optic,Electronic check,1,No,No,No,Yes
CUST0826,7,59.15,Month-to-month,Fiber optic,Bank transfer,7,Yes,No,Yes,Yes
CUST0827,50,28.98,One year,DSL,Bank transfer,6,No,No,No,No
CUST0828,65,27.74,Month-to-month,DSL,Mailed check,7,No,No,No,Yes
CUST0829,63,97.99,Month-to-month,No,Credit card,2,No,No,No,Yes
CUST0830,3,64.61,Month-to-month,Fiber optic,Mailed check,3,,No,No,Yes
CUST0831,18,113.07,Month-to-month,Fiber optic,Bank transfer,4,No,No,No,Yes
CUST0832,18,81.22,Month-to-month,Fiber optic,Mailed check,3,No,No,No,Yes
CUST0833,33,23.52,Two year,Fiber optic,Bank transfer,1,No,No,Yes,Yes
CUST0834,11,35.75,One year,Fiber optic,Electronic check,3,Yes,Yes,No,Yes
CUST0835,62,40.58,Month-to-month,DSL,Mailed check,4,No,Yes,Yes,No
CUST0836,56,117.57,Month-to-month,Fiber optic,Bank transfer,0,Yes,No,No,Yes
CUST0837,59,41.87,Month-to-month,Fiber optic,Bank transfer,2,No,Yes,Yes,Yes
CUST0838,15,71.58,Month-to-month,DSL,Mailed check,2,No,No,No,Yes
CUST0839,2,113.62,Two year,Fiber optic,Bank transfer,0,No,No,No,Yes
CUST0840,66,117.72,Month-to-month,DSL,Bank transfer,0,No,No,Yes,No
CUST0841,21,43.64,One year,Fiber optic,Mailed check,3,No,No,Yes,Yes
CUST0842,48,24.91,One year,Fiber optic,Electronic check,0,Yes,No,No,Yes
CUST0843,66,35.36,One year,Fiber optic,Bank transfer,2,Yes,No,Yes,No
CUST0844,3,26.33,Two year,Fiber optic,Credit card,4,No,Yes,No,Yes
CUST0845,1,39.51,Month-to-month,No,Credit card,6,Yes,Yes,No,Yes
CUST0846,1,76.86,Two year,Fiber optic,Bank transfer,0,Yes,No,No,Yes
CUST0847,12,111.24,One year,Fiber optic,Credit card,3,No,No,No,Yes
CUST0848,4,73.72,One year,Fiber optic,Credit card,0,No,No,Yes,Yes
CUST0849,60,82.6,One year,DSL,Bank transfer,3,No,No,No,Yes
CUST0850,44,40.19,Two year,DSL,Electronic check,3,No,No,No,Yes
CUST0851,71,100.06,Two year,Fiber optic,Bank transfer,6,No,No,No,Yes
CUST0852,58,81.78,Month-to-month,DSL,Bank transfer,3,Yes,No,No,Yes
CUST0853,70,106.41,Two year,Fiber optic,Mailed check,7,No,No,No,Yes
CUST0854,18,114.88,One year,Fiber optic,Credit card,1,No,No,Yes,Yes
CUST0855,21,54.79,Month-to-month,Fiber optic,Credit card,0,No,No,No,Yes
CUST0856,62,29.06,Two year,DSL,Mailed check,0,No,No,Yes,No
CUST0857,18,42.59,Month-to-month,Fiber optic,Mailed check,2,No,No,Yes,Yes
CUST0858,5,63.78,One year,Fiber optic,Electronic check,1,Yes,No,No,Yes
CUST0859,49,114.57,Month-to-month,Fiber optic,Electronic check,0,No,Yes,No,Yes
CUST0860,58,57.83,Month-to-month,DSL,Mailed check,1,Yes,No,No,Yes
CUST0861,70,97.08,Two year,Fiber optic,Mailed check,7,No,No,Yes,No
CUST0862,67,74.05,Month-to-month,DSL,Mailed check,6,Yes,No,Yes,Yes
CUST0863,9,38.28,Month-to-month,Fiber optic,Electronic check,0,Yes,Yes,No,Yes
CUST0864,56,52.07,Month-to-month,DSL,Mailed check,7,No,No,No,No
CUST0865,61,85.32,Month-to-month,No,Bank transfer,1,No,No,Yes,Yes
CUST0866,51,87.29,Two year,DSL,Mailed check,3,No,Yes,No,Yes
CUST0867,60,63.48,Two year,Fiber optic,Bank transfer,2,Yes,No,No,No
CUST0868,61,42.86,Month-to-month,DSL,Mailed check,3,No,No,No,No
CUST0869,33,92.19,One year,Fiber optic,Bank transfer,6,Yes,No,No,Yes
CUST0870,3,36.89,Month-to-month,Fiber optic,Bank transfer,5,Yes,No,No,Yes
CUST0871,33,113.67,One year,Fiber optic,Credit card,4,No,No,Yes,Yes
CUST0872,15,38.79,Month-to-month,DSL,Electronic check,5,Yes,No,No,Yes
CUST0873,9,30.73,Month-to-month,DSL,Credit card,5,No,No,No,Yes
CUST0874,9,69.76,Month-to-month,DSL,Mailed check,1,Yes,No,Yes,Yes
CUST0875,51,71.95,One year,No,Electronic check,3,Yes,No,Yes,Yes
CUST0876,37,70.82,Month-to-month,Fiber optic,Bank transfer,0,No,No,No,Yes
CUST0877,39,63.67,Month-to-month,DSL,Electronic check,5,Yes,No,No,Yes
CUST0878,54,119.48,Two year,No,Electronic check,3,No,No,No,No
CUST0879,40,68.63,One year,DSL,Credit card,5,No,No,No,Yes
CUST0880,46,67.79,Month-to-month,Fiber optic,Electronic check,4,Yes,No,No,Yes
CUST0881,7,62.18,Two year,Fiber optic,Bank transfer,2,No,No,Yes,Yes
CUST0882,62,26.68,Two year,No,Electronic check,1,Yes,No,No,No
CUST0883,33,79.3,Month-to-month,Fiber optic,Electronic check,7,No,No,No,Yes
CUST0884,12,42.8,One year,Fiber optic,Electronic check,2,Yes,No,No,Yes
CUST0885,59,83.76,Month-to-month,No,Electronic check,0,No,No,Yes,Yes
CUST0886,53,25.08,One year,DSL,Mailed check,2,No,No,Yes,Yes
CUST0887,4,118.14,Month-to-month,No,Mailed check,7,No,No,No,Yes
CUST0888,14,66.9,One year,Fiber optic,Electronic check,2,No,Yes,Yes,Yes
CUST0889,2,109.68,Month-to-month,No,Mailed check,7,No,No,Yes,Yes
CUST0890,20,67.56,Month-to-month,DSL,Mailed check,3,No,Yes,No,Yes
CUST0891,8,26.03,Two year,DSL,Bank transfer,6,No,No,No,Yes
CUST0892,52,102.22,Month-to-month,Fiber optic,Credit card,5,No,No,No,Yes
CUST0893,38,84.82,Two year,Fiber optic,Bank transfer,0,No,No,Yes,Yes
CUST0894,71,98.18,Two year,Fiber optic,Credit card,4,No,Yes,Yes,No
CUST0895,54,62.82,Two year,No,Electronic check,3,Yes,No,No,No
CUST0896,45,83.79,Month-to-month,Fiber optic,Electronic check,1,No,No,No,Yes
CUST0897,37,105.62,Two year,DSL,Credit card,4,No,No,Yes,Yes
CUST0898,4,83.11,Month-to-month,Fiber optic,Mailed check,0,No,No,No,Yes
CUST0899,6,54.77,Month-to-month,DSL,Credit card,5,Yes,No,Yes,Yes
CUST0900,45,86.25,Two year,DSL,Mailed check,6,No,Yes,Yes,No
CUST0901,1,87.19,One year,DSL,Electronic check,0,Yes,No,Yes,Yes
CUST0902,4,116.06,Month-to-month,Fiber optic,Credit card,3,No,No,No,Yes
CUST0903,16,57.09,Month-to-month,Fiber optic,Bank transfer,5,No,No,Yes,Yes
CUST0904,64,62.51,Two year,Fiber optic,Credit card,0,Yes,No,No,No
CUST0905,34,101.21,One year,Fiber optic,Mailed check,3,No,No,No,Yes
CUST0906,52,70.58,Month-to-month,Fiber optic,Electronic check,2,Yes,No,No,Yes
CUST0907,30,93.66,Two year,Fiber optic,Bank transfer,0,No,No,Yes,Yes
CUST0908,13,65.97,Month-to-month,No,,6,No,No,Yes,Yes
CUST0909,27,41.55,Month-to-month,Fiber optic,Bank transfer,3,No,No,Yes,Yes
CUST0910,7,94.52,One year,Fiber optic,Mailed check,6,No,No,No,Yes
CUST0911,56,33.12,Two year,Fiber optic,Credit card,4,Yes,No,No,No
CUST0912,14,39.86,Month-to-month,Fiber optic,Credit card,7,No,No,Yes,Yes
CUST0913,28,82.68,Month-to-month,No,Mailed check,7,No,Yes,No,Yes
CUST0914,71,94.73,Month-to-month,Fiber optic,Credit card,4,Yes,No,No,Yes
CUST0915,43,109.47,Two year,Fiber optic,Electronic check,2,No,No,Yes,Yes
CUST0916,34,47.26,Month-to-month,DSL,Electronic check,3,No,No,Yes,Yes
CUST0917,40,31.07,Month-to-month,Fiber optic,Credit card,6,No,No,Yes,Yes
CUST0918,57,115.6,Two year,Fiber optic,Bank transfer,3,No,No,Yes,Yes
CUST0919,19,35.44,Month-to-month,Fiber optic,Mailed check,4,No,No,No,Yes
CUST0920,46,39.77,One year,Fiber optic,Electronic check,1,No,Yes,Yes,No
CUST0921,63,,Month-to-month,DSL,Mailed check,7,Yes,Yes,No,Yes
CUST0922,42,72.94,Two year,No,Bank transfer,5,No,No,No,Yes
CUST0923,33,108.28,Month-to-month,DSL,Credit card,2,No,No,No,Yes
CUST0924,11,96.05,Month-to-month,No,Credit card,4,Yes,No,No,Yes
CUST0925,18,90.82,Month-to-month,DSL,Mailed check,3,No,No,No,Yes
CUST0926,69,37.52,One year,Fiber optic,Mailed check,1,Yes,No,No,Yes
CUST0927,39,55.77,One year,Fiber optic,Electronic check,6,No,No,No,Yes
CUST0928,22,67.84,Month-to-month,Fiber optic,Electronic check,7,No,No,No,Yes
CUST0929,31,34.74,Month-to-month,DSL,Mailed check,6,No,No,Yes,Yes
CUST0930,42,47.34,Two year,No,Bank transfer,2,Yes,No,No,No
CUST0931,39,,Month-to-month,Fiber optic,Electronic check,2,No,Yes,Yes,Yes
CUST0932,51,32.73,Month-to-month,Fiber optic,Mailed check,0,No,Yes,No,Yes
CUST0933,19,75.02,One year,Fiber optic,Bank transfer,5,No,No,No,Yes
CUST0934,47,90.5,Month-to-month,DSL,Credit card,2,No,Yes,No,Yes
CUST0935,32,26.99,Month-to-month,Fiber optic,Credit card,7,No,No,No,Yes
CUST0936,68,68.11,Month-to-month,DSL,Mailed check,6,No,No,Yes,Yes
CUST0937,12,98.22,Month-to-month,DSL,Mailed check,1,No,No,No,Yes
CUST0938,11,94.8,Month-to-month,Fiber optic,Credit card,7,No,No,No,Yes
CUST0939,34,101.51,One year,Fiber optic,Bank transfer,1,Yes,Yes,No,Yes
CUST0940,37,64.82,One year,DSL,Mailed check,3,No,No,No,Yes
CUST0941,50,102.06,Month-to-month,DSL,Bank transfer,3,No,No,Yes,No
CUST0942,30,44.08,Two year,DSL,Electronic check,7,No,No,No,Yes
CUST0943,66,56.08,Month-to-month,DSL,Mailed check,5,No,No,Yes,No
CUST0944,35,37.64,One year,Fiber optic,Mailed check,7,No,No,No,Yes
CUST0945,10,66.75,Month-to-month,DSL,Credit card,4,Yes,No,No,Yes
CUST0946,9,59.21,One year,No,Electronic check,6,No,No,No,Yes
CUST0947,71,44.09,Month-to-month,DSL,Credit card,6,No,No,No,No
CUST0948,10,95.18,Month-to-month,DSL,Mailed check,6,No,Yes,No,Yes
CUST0949,69,51.38,Month-to-month,No,Electronic check,3,No,Yes,No,Yes
CUST0950,21,47.28,Month-to-month,DSL,Bank transfer,3,No,Yes,No,Yes
CUST0951,7,33.09,Month-to-month,Fiber optic,Bank transfer,7,No,No,No,Yes
CUST0952,22,63.88,One year,No,Electronic check,6,No,No,No,No
CUST0953,45,50.3,Two year,No,Electronic check,7,No,No,No,No
CUST0954,31,56.93,Month-to-month,Fiber optic,Electronic check,4,No,No,No,Yes
CUST0955,57,43.6,Two year,DSL,Mailed check,7,Yes,No,Yes,No
CUST0956,44,96.32,One year,Fiber optic,Electronic check,5,No,No,Yes,Yes
CUST0957,29,113.0,Two year,No,Bank transfer,5,No,No,Yes,Yes
CUST0958,46,69.79,One year,No,Electronic check,1,No,No,Yes,Yes
CUST0959,70,84.3,One year,DSL,Credit card,4,No,No,No,Yes
CUST0960,30,106.72,Month-to-month,Fiber optic,Credit card,5,No,No,Yes,Yes
CUST0961,12,119.88,One year,DSL,Bank transfer,6,No,No,No,Yes
CUST0962,30,81.35,Two year,DSL,Credit card,7,No,No,Yes,Yes
CUST0963,61,108.98,Month-to-month,Fiber optic,Credit card,2,No,Yes,Yes,Yes
CUST0964,16,110.86,Month-to-month,DSL,Electronic check,2,Yes,No,No,No
CUST0965,69,99.15,Month-to-month,DSL,Mailed check,7,No,No,No,Yes
CUST0966,43,66.09,Two year,DSL,Credit card,7,No,No,No,Yes
CUST0967,44,28.12,Month-to-month,Fiber optic,Mailed check,1,No,Yes,No,Yes
CUST0968,23,21.58,One year,DSL,Bank transfer,3,Yes,No,No,Yes
CUST0969,67,67.72,Two year,Fiber optic,Credit card,7,No,No,No,No
CUST0970,3,69.43,Two year,DSL,Credit card,1,No,No,Yes,Yes
CUST0971,22,60.74,Month-to-month,No,Mailed check,6,No,No,Yes,Yes
CUST0972,31,76.82,One year,DSL,Mailed check,0,Yes,No,No,Yes
CUST0973,35,75.22,Two year,Fiber optic,Electronic check,1,No,Yes,No,No
CUST0974,35,103.66,Month-to-month,DSL,Mailed check,6,No,No,No,Yes
CUST0975,11,30.87,One year,DSL,Mailed check,4,Yes,Yes,No,Yes
CUST0976,17,42.52,Month-to-month,DSL,Mailed check,4,Yes,No,Yes,Yes
CUST0977,7,99.3,One year,DSL,Mailed check,6,Yes,No,No,Yes
CUST0978,42,104.78,Month-to-month,DSL,Credit card,2,No,Yes,No,Yes
CUST0979,26,119.48,Month-to-month,Fiber optic,Credit card,4,Yes,Yes,No,Yes
CUST0980,41,107.29,Month-to-month,Fiber optic,Bank transfer,4,No,No,Yes,Yes
CUST0981,43,108.99,Month-to-month,DSL,Electronic check,5,No,No,No,Yes
CUST0982,51,51.43,Month-to-month,Fiber optic,Mailed check,2,No,No,Yes,Yes
CUST0983,40,60.17,One year,Fiber optic,Bank transfer,5,No,No,No,No
CUST0984,47,46.81,Month-to-month,DSL,Electronic check,3,No,No,Yes,Yes
CUST0985,43,80.63,Month-to-month,Fiber optic,Mailed check,4,Yes,No,No,Yes
CUST0986,47,113.88,One year,DSL,Bank transfer,6,No,No,Yes,No
CUST0987,45,54.46,One year,DSL,Credit card,3,Yes,Yes,No,No
CUST0988,23,75.7,Month-to-month,Fiber optic,Credit card,5,Yes,No,No,Yes
CUST0989,18,49.63,Two year,No,Mailed check,7,No,No,No,Yes
CUST0990,57,36.98,Month-to-month,No,Mailed check,6,Yes,No,No,Yes
CUST0991,25,39.52,Two year,No,Mailed check,7,Yes,No,No,Yes
CUST0992,40,25.79,Month-to-month,Fiber optic,Bank transfer,4,No,No,No,Yes
CUST0993,15,114.93,One year,DSL,Mailed check,2,No,No,No,Yes
CUST0994,32,60.29,Two year,DSL,Mailed check,7,Yes,No,No,Yes
CUST0995,39,103.41,Two year,DSL,Electronic check,5,No,No,No,Yes
CUST0996,46,88.13,One year,DSL,Mailed check,1,No,No,No,Yes
CUST0997,38,39.19,One year,DSL,Electronic check,2,No,No,No,Yes
CUST0998,26,37.55,Month-to-month,Fiber optic,Bank transfer,2,Yes,No,No,Yes
CUST0999,70,101.2,One year,DSL,Credit card,6,No,No,Yes,Yes
CUST1000,37,46.47,One year,DSL,Credit card,0,No,No,No,Yes
CUST1001,59,111.33,Two year,Fiber optic,Mailed check,5,Yes,No,Yes,No
CUST1002,54,34.01,Month-to-month,Fiber optic,Credit card,4,Yes,No,Yes,No
CUST1003,41,87.77,Month-to-month,No,Credit card,0,Yes,No,Yes,Yes
CUST1004,64,101.45,One year,DSL,Mailed check,4,No,No,Yes,Yes
CUST1005,10,43.53,Month-to-month,Fiber optic,Credit card,6,Yes,No,No,Yes
CUST1006,67,47.62,Month-to-month,DSL,Mailed check,5,No,No,No,Yes
CUST1007,62,116.45,Month-to-month,Fiber optic,Credit card,4,No,No,Yes,Yes
CUST1008,37,46.46,One year,DSL,Mailed check,2,Yes,Yes,No,No
CUST1009,53,63.0,Month-to-month,DSL,Mailed check,1,No,No,No,Yes
CUST1010,38,63.25,Month-to-month,Fiber optic,Electronic check,0,Yes,No,No,Yes
CUST1011,20,45.3,Month-to-month,DSL,Credit card,2,Yes,No,No,Yes
CUST1012,58,97.58,Two year,DSL,Mailed check,5,No,No,No,Yes
CUST1013,18,97.18,One year,No,Credit card,0,No,No,No,Yes
CUST1014,23,57.83,Month-to-month,DSL,Electronic check,7,No,No,No,Yes
CUST1015,38,103.51,Month-to-month,Fiber optic,Bank transfer,4,No,No,No,Yes
CUST1016,61,41.31,One year,Fiber optic,Mailed check,2,Yes,No,No,No
CUST1017,28,20.43,Month-to-month,DSL,Mailed check,7,No,No,No,Yes
CUST1018,36,77.12,One year,Fiber optic,Electronic check,1,Yes,No,No,Yes
CUST1019,3,119.41,Month-to-month,DSL,Electronic check,7,No,No,No,Yes
CUST1020,9,23.86,Two year,Fiber optic,Mailed check,2,No,No,No,Yes
CUST1021,5,40.8,Month-to-month,DSL,Mailed check,3,No,No,No,Yes
CUST1022,6,71.89,One year,DSL,Credit card,3,No,No,No,Yes
CUST1023,63,100.99,Month-to-month,DSL,Mailed check,7,No,Yes,No,Yes
CUST1024,61,28.9,Two year,No,Electronic check,2,No,Yes,No,Yes
CUST1025,60,59.52,Two year,Fiber optic,Mailed check,7,Yes,No,No,No
CUST1026,5,94.71,One year,No,Bank transfer,2,Yes,Yes,No,Yes
CUST1027,6,57.15,Month-to-month,Fiber optic,Mailed check,2,Yes,No,No,Yes
CUST1028,21,38.88,Month-to-month,Fiber optic,Credit card,5,No,No,No,Yes
CUST1029,41,39.55,Two year,Fiber optic,Mailed check,5,No,Yes,Yes,No
CUST1030,25,61.0,One year,No,Bank transfer,2,Yes,No,No,Yes
CUST1031,36,67.94,Month-to-month,Fiber optic,Electronic check,1,No,No,Yes,Yes
CUST1032,13,106.18,Month-to-month,Fiber optic,Electronic check,3,No,No,No,Yes
CUST1033,53,84.23,Month-to-month,Fiber optic,Credit card,4,Yes,No,Yes,Yes
CUST1034,23,89.04,Two year,Fiber optic,Mailed check,0,No,No,No,Yes
CUST1035,5,118.3,One year,DSL,Mailed check,0,No,Yes,No,No
CUST1036,54,61.18,One year,Fiber optic,Bank transfer,7,No,Yes,Yes,No
CUST1037,66,60.34,One year,DSL,Electronic check,0,No,No,No,Yes
CUST1038,2,112.33,Month-to-month,Fiber optic,Bank transfer,3,No,No,No,Yes
CUST1039,32,44.59,Month-to-month,Fiber optic,Mailed check,6,No,No,Yes,Yes
CUST1040,60,92.98,Month-to-month,Fiber optic,Electronic check,2,No,No,No,Yes
CUST1041,51,95.46,One year,Fiber optic,Mailed check,3,No,Yes,Yes,Yes
CUST1042,62,29.78,Month-to-month,Fiber optic,Mailed check,0,No,No,Yes,Yes
CUST1043,30,66.82,Month-to-month,DSL,Electronic check,6,No,No,Yes,Yes
CUST1044,27,40.06,Month-to-month,No,Bank transfer,5,No,No,No,Yes
CUST1045,52,38.54,Month-to-month,Fiber optic,Bank transfer,6,Yes,No,No,Yes
CUST1046,12,66.38,One year,DSL,Mailed check,6,Yes,No,No,Yes
CUST1047,18,48.94,Month-to-month,DSL,Credit card,2,No,Yes,No,Yes
CUST1048,44,99.61,Month-to-month,DSL,Bank transfer,0,No,No,No,Yes
CUST1049,49,110.76,One year,Fiber optic,Credit card,2,No,No,No,No
CUST1050,9,100.27,Month-to-month,Fiber optic,Electronic check,1,No,No,No,Yes
CUST1051,37,46.6,Month-to-month,No,Credit card,4,Yes,No,No,Yes
CUST1052,27,47.41,Month-to-month,Fiber optic,Mailed check,1,Yes,No,Yes,Yes
CUST1053,37,45.47,Two year,Fiber optic,Bank transfer,7,No,No,Yes,No
CUST1054,70,33.5,Month-to-month,Fiber optic,Credit card,4,Yes,Yes,No,Yes
CUST1055,6,114.38,One year,Fiber optic,Mailed check,2,No,No,No,Yes
CUST1056,72,60.2,Two year,Fiber optic,Mailed check,7,No,No,Yes,No
CUST1057,33,42.47,One year,DSL,Electronic check,6,No,No,No,Yes
CUST1058,56,104.67,Month-to-month,No,Bank transfer,3,No,No,No,Yes
CUST1059,31,59.92,One year,Fiber optic,Credit card,1,No,Yes,Yes,Yes
CUST1060,23,23.51,Month-to-month,Fiber optic,Mailed check,2,No,No,Yes,No
CUST1061,56,36.19,Month-to-month,No,Electronic check,4,Yes,No,Yes,No
CUST1062,50,83.93,Month-to-month,Fiber optic,Mailed check,6,No,No,No,Yes
CUST1063,11,98.29,Month-to-month,DSL,Mailed check,2,No,No,No,Yes
CUST1064,51,41.09,Month-to-month,Fiber optic,Credit card,5,Yes,No,No,Yes
CUST1065,55,111.74,Month-to-month,DSL,Electronic check,2,No,Yes,Yes,Yes
CUST1066,28,105.1,Month-to-month,Fiber optic,Mailed check,1,No,No,No,Yes
CUST1067,67,104.84,Month-to-month,DSL,Bank transfer,3,Yes,No,Yes,Yes
CUST1068,47,42.77,One year,Fiber optic,Electronic check,1,No,No,No,No
CUST1069,25,25.05,Two year,No,Credit card,3,No,No,No,Yes
CUST1070,1,106.74,Month-to-month,DSL,Credit card,2,No,No,No,Yes
CUST1071,49,50.58,One year,Fiber optic,Mailed check,2,No,No,No,Yes
CUST1072,16,,Month-to-month,Fiber optic,Bank transfer,6,No,No,No,Yes
CUST1073,55,96.0,Month-to-month,Fiber optic,Credit card,2,No,No,Yes,Yes
CUST1074,38,32.83,Month-to-month,DSL,Bank transfer,5,No,No,No,Yes
CUST1075,34,98.08,Month-to-month,DSL,Electronic check,5,Yes,No,Yes,Yes
CUST1076,12,113.85,Month-to-month,Fiber optic,Electronic check,5,Yes,No,No,Yes
CUST1077,52,92.84,Month-to-month,Fiber optic,Mailed check,2,No,No,No,Yes
CUST1078,12,64.12,Month-to-month,Fiber optic,Electronic check,6,No,No,No,Yes
CUST1079,31,107.67,Month-to-month,DSL,Mailed check,1,Yes,No,Yes,Yes
CUST1080,61,72.75,Month-to-month,Fiber optic,Bank transfer,2,No,No,No,Yes
CUST1081,67,94.48,Month-to-month,Fiber optic,Bank transfer,6,No,No,No,Yes
CUST1082,72,102.05,Month-to-month,DSL,Electronic check,2,No,No,No,Yes
CUST1083,69,94.94,Month-to-month,Fiber optic,Electronic check,5,No,No,No,Yes
CUST1084,41,48.79,Month-to-month,DSL,Electronic check,0,No,No,Yes,No
CUST1085,15,31.78,Month-to-month,Fiber optic,Mailed check,4,No,Yes,No,Yes
CUST1086,61,43.83,Month-to-month,No,Credit card,6,No,No,Yes,No
CUST1087,58,70.29,Month-to-month,Fiber optic,Mailed check,5,Yes,No,Yes,Yes
CUST1088,72,70.53,Two year,Fiber optic,Mailed check,4,No,No,No,Yes
CUST1089,47,78.26,Month-to-month,DSL,Bank transfer,6,Yes,No,No,Yes
CUST1090,11,59.51,Month-to-month,DSL,Electronic check,2,No,No,Yes,Yes
CUST1091,37,98.69,Month-to-month,DSL,Electronic check,3,Yes,Yes,No,Yes
CUST1092,33,111.32,Two year,Fiber optic,Electronic check,0,No,No,No,Yes
CUST1093,61,44.67,One year,Fiber optic,Bank transfer,5,No,No,No,Yes
CUST1094,29,93.65,One year,DSL,Mailed check,5,Yes,No,Yes,Yes
CUST1095,24,87.8,Two year,DSL,Bank transfer,6,No,No,No,No
CUST1096,6,72.31,Month-to-month,DSL,Bank transfer,5,Yes,No,Yes,Yes
CUST1097,61,38.85,Two year,Fiber optic,Mailed check,1,No,No,Yes,No
CUST1098,55,99.52,Month-to-month,Fiber optic,Credit card,5,No,No,No,No
CUST1099,3,116.06,One year,Fiber optic,Credit card,6,No,Yes,No,Yes
CUST1100,32,92.18,Month-to-month,No,Electronic check,1,No,No,Yes,Yes
CUST1101,35,111.79,Month-to-month,DSL,Credit card,3,No,No,Yes,No
CUST1102,34,118.42,Two year,Fiber optic,Electronic check,7,No,No,No,Yes
CUST1103,67,55.21,Month-to-month,Fiber optic,Electronic check,3,No,No,No,No
CUST1104,11,83.82,Two year,DSL,Bank transfer,6,No,No,No,Yes
CUST1105,23,67.39,Month-to-month,No,Electronic check,4,No,No,No,Yes
CUST1106,14,118.66,One year,DSL,Mailed check,5,Yes,No,Yes,Yes
CUST1107,18,29.38,Two year,Fiber optic,Electronic check,5,No,No,No,Yes
CUST1108,66,61.24,Month-to-month,Fiber optic,Mailed check,5,Yes,No,No,No
CUST1109,68,107.55,Two year,No,Credit card,6,No,No,No,No
CUST1110,4,48.41,One year,Fiber optic,Credit card,7,No,No,Yes,Yes
CUST1111,46,98.78,One year,DSL,Electronic check,2,No,No,No,Yes
CUST1112,17,58.28,Month-to-month,Fiber optic,Bank transfer,7,Yes,No,No,Yes
CUST1113,14,118.0,Month-to-month,Fiber optic,Mailed check,5,Yes,No,No,Yes
CUST1114,22,108.35,One year,Fiber optic,Mailed check,4,No,No,No,Yes
CUST1115,14,50.13,Month-to-month,Fiber optic,Bank transfer,2,Yes,No,No,Yes
CUST1116,36,97.02,Month-to-month,DSL,Credit card,3,No,Yes,Yes,Yes
CUST1117,72,53.69,Month-to-month,Fiber optic,Mailed check,5,No,No,No,No
CUST1118,43,80.64,Two year,No,Electronic check,2,No,No,Yes,Yes
CUST1119,53,85.85,Month-to-month,DSL,Credit card,2,Yes,No,No,Yes
CUST1120,36,102.96,One year,Fiber optic,Credit card,6,No,No,No,Yes
CUST1121,2,22.45,Two year,No,Mailed check,3,No,No,No,Yes
CUST1122,7,42.02,Month-to-month,Fiber optic,Bank transfer,5,No,No,No,Yes
CUST1123,20,91.19,Month-to-month,No,Credit card,0,Yes,Yes,Yes,Yes
CUST1124,18,76.35,One year,Fiber optic,Bank transfer,0,Yes,No,No,Yes
CUST1125,61,69.56,Month-to-month,No,Mailed check,6,No,No,No,Yes
CUST1126,61,25.52,One year,DSL,Credit card,1,No,No,No,No
CUST1127,62,54.83,One year,Fiber optic,Credit card,6,No,Yes,No,Yes
CUST1128,46,106.51,One year,Fiber optic,Bank transfer,7,Yes,No,No,No
CUST1129,41,23.09,Month-to-month,Fiber optic,Electronic check,3,No,No,No,Yes
CUST1130,47,59.64,One year,No,Mailed check,7,Yes,Yes,No,Yes
CUST1131,30,114.51,One year,Fiber optic,Bank transfer,3,Yes,No,No,Yes
CUST1132,49,25.09,Month-to-month,Fiber optic,Mailed check,7,No,No,Yes,Yes
CUST1133,58,94.97,One year,Fiber optic,Bank transfer,1,No,No,Yes,Yes
CUST1134,55,45.76,Two year,Fiber optic,Bank transfer,3,Yes,No,No,Yes
CUST1135,45,106.66,One year,Fiber optic,Electronic check,3,No,No,No,Yes
CUST1136,5,94.61,Month-to-month,DSL,Bank transfer,6,Yes,No,No,Yes
CUST1137,53,108.57,Month-to-month,Fiber optic,Bank transfer,0,Yes,No,Yes,Yes
CUST1138,27,41.59,Month-to-month,No,Electronic check,6,No,No,Yes,Yes
CUST1139,54,73.13,Month-to-month,Fiber optic,Bank transfer,0,No,Yes,No,Yes
CUST1140,39,97.93,Month-to-month,Fiber optic,Bank transfer,2,No,No,No,Yes
CUST1141,64,44.57,Two year,Fiber optic,Electronic check,4,No,No,Yes,No
CUST1142,25,43.07,Month-to-month,Fiber optic,Bank transfer,1,Yes,No,Yes,Yes
CUST1143,68,22.72,Two year,DSL,Mailed check,3,No,No,Yes,No
CUST1144,61,115.85,Month-to-month,Fiber optic,Mailed check,7,No,No,No,Yes
CUST1145,24,91.0,Month-to-month,Fiber optic,Bank transfer,6,Yes,No,No,Yes
CUST1146,35,83.56,Month-to-month,DSL,Electronic check,0,No,No,No,Yes
CUST1147,39,94.4,Month-to-month,DSL,Electronic check,4,Yes,No,Yes,Yes
CUST1148,56,73.16,One year,Fiber optic,Mailed check,4,No,No,No,Yes
CUST1149,50,67.61,Two year,Fiber optic,Credit card,0,No,No,No,Yes
CUST1150,62,64.95,Two year,Fiber optic,Electronic check,5,Yes,No,Yes,Yes
CUST1151,27,84.04,Month-to-month,DSL,Credit card,4,No,No,Yes,Yes
CUST1152,37,40.15,One year,Fiber optic,Electronic check,5,Yes,No,No,No
CUST1153,32,108.81,Month-to-month,Fiber optic,Mailed check,2,No,No,No,Yes
CUST1154,66,101.18,Two year,Fiber optic,Mailed check,2,Yes,No,No,No
CUST1155,22,54.96,Month-to-month,Fiber optic,Mailed check,5,Yes,No,No,Yes
CUST1156,43,77.86,Month-to-month,DSL,Electronic check,5,No,No,No,Yes
CUST1157,9,34.1,Month-to-month,No,Credit card,1,No,Yes,No,Yes
CUST1158,62,117.23,Month-to-month,DSL,Mailed check,1,Yes,Yes,No,Yes
CUST1159,28,110.29,Month-to-month,Fiber optic,Credit card,4,No,No,Yes,Yes
CUST1160,25,112.19,Two year,DSL,Bank transfer,6,Yes,No,No,Yes
CUST1161,42,53.22,One year,Fiber optic,Bank transfer,1,No,No,Yes,Yes
CUST1162,36,36.91,Two year,DSL,Mailed check,1,No,No,No,Yes
CUST1163,62,41.18,Month-to-month,No,Bank transfer,6,Yes,No,No,Yes
CUST1164,39,29.0,One year,Fiber optic,Credit card,5,No,No,No,Yes
CUST1165,38,32.01,Month-to-month,Fiber optic,Credit card,7,No,No,No,Yes
CUST1166,8,27.13,Month-to-month,DSL,Credit card,6,No,Yes,Yes,No
CUST1167,2,118.98,Month-to-month,DSL,Electronic check,7,No,No,No,Yes
CUST1168,29,27.41,Month-to-month,Fiber optic,Bank transfer,1,No,No,No,Yes
CUST1169,72,33.25,One year,Fiber optic,Mailed check,2,No,No,No,Yes
CUST1170,67,102.73,Month-to-month,Fiber optic,Credit card,1,No,No,No,Yes
CUST1171,46,78.02,Month-to-month,No,Credit card,0,No,Yes,No,Yes
CUST1172,46,97.44,One year,Fiber optic,Credit card,6,No,Yes,No,Yes
CUST1173,29,83.09,Month-to-month,No,Electronic check,5,No,Yes,No,Yes
CUST1174,13,108.22,Two year,DSL,Mailed check,0,No,No,Yes,Yes
CUST1175,1,83.85,Month-to-month,Fiber optic,Bank transfer,1,No,No,Yes,Yes
CUST1176,25,72.21,Two year,Fiber optic,Bank transfer,1,No,No,Yes,Yes
CUST1177,23,91.27,One year,Fiber optic,Mailed check,3,No,No,Yes,Yes
CUST1178,14,64.74,One year,No,Electronic check,3,No,No,No,Yes
CUST1179,19,54.61,One year,Fiber optic,Electronic check,2,No,No,No,Yes
CUST1180,2,66.77,Two year,No,Bank transfer,7,No,No,No,Yes
CUST1181,44,36.97,One year,Fiber optic,Mailed check,1,No,No,No,No
CUST1182,67,99.66,Month-to-month,DSL,Mailed check,4,No,No,No,Yes
CUST1183,50,46.07,Month-to-month,Fiber optic,Credit card,3,No,No,No,Yes
CUST1184,33,35.35,One year,Fiber optic,,3,Yes,No,No,Yes
CUST1185,31,44.64,Month-to-month,No,Credit card,6,No,No,No,Yes
CUST1186,23,104.21,Month-to-month,Fiber optic,Mailed check,7,Yes,No,No,Yes
CUST1187,11,53.02,Month-to-month,DSL,Credit card,0,Yes,No,Yes,Yes
CUST1188,44,88.6,Month-to-month,DSL,Credit card,3,No,No,No,Yes
CUST1189,41,105.64,Month-to-month,DSL,Bank transfer,0,No,No,Yes,Yes
CUST1190,1,27.77,One year,Fiber optic,Mailed check,3,No,No,No,Yes
CUST1191,30,96.5,One year,DSL,Electronic check,4,Yes,No,No,No
CUST1192,21,50.77,Two year,Fiber optic,Electronic check,3,No,No,Yes,Yes
CUST1193,13,41.66,Month-to-month,Fiber optic,Credit card,2,No,No,Yes,Yes
CUST1194,51,88.89,Month-to-month,Fiber optic,Electronic check,2,No,No,No,Yes
CUST1195,38,110.98,One year,DSL,Mailed check,2,No,No,No,Yes
CUST1196,46,49.5,Month-to-month,Fiber optic,Mailed check,2,No,No,No,No
CUST1197,52,76.88,One year,DSL,Bank transfer,2,Yes,No,No,Yes
CUST1198,71,48.98,Month-to-month,No,Credit card,5,Yes,No,No,No
CUST1199,58,75.43,Two year,DSL,Bank transfer,0,Yes,No,No,No
CUST1200,45,82.19,Month-to-month,DSL,Credit card,0,No,No,No,Yes
